MFR CAT,Feb-22,Apr-22,Jul-22,Sep-22,Oct-22,Feb-23,Mar-23,Apr-23,Aug-23,Sep-23,Oct-23,Nov-23,Dec-23,Jan-24,Feb-24,Mar-24,Apr-24,May-24,Jun-24,Jul-24,Aug-24,Sep-24,Oct-24,Nov-24,Dec-24,Cost_02/2022,Cost_04/2022,Cost_07/2022,Cost_09/2022,Cost_10/2022,Cost_02/2023,Cost_03/2023,Cost_04/2023,Cost_08/2023,Cost_09/2023,Cost_10/2023,Cost_11/2023,Cost_12/2023,Cost_01/2024,Cost_02/2024,Cost_03/2024,Cost_04/2024,Cost_05/2024,Cost_06/2024,Cost_07/2024,Cost_08/2024,Cost_09/2024,Cost_10/2024,Cost_11/2024,Cost_12/2024,AVG_QTY_RECEIVED_PER_MONTH,AVG_COST_PER_MONTH,TOTAL_QTY_RECEIVED_PER_YEAR,TOTAL_COST_PER_YEAR
00085047,0,0,0,0,0,0,0,0,0,0,0,0,0,0,0,6,0,0,0,0,12,0,0,0,0,0,0,0,0,0,0,0,0,0,0,0,0,0,0,0,1330.8,0,0,0,0,2794.8,0,0,0,0,0.72,165.024,18,4125.6
00085053,0,0,0,0,0,0,0,0,0,0,0,0,0,0,1,1,0,1,0,1,0,1,0,1,2,0,0,0,0,0,0,0,0,0,0,0,0,0,0,1241.3,1241.3,0,1303.4,0,1303.4,0,1303.4,0,1303.4,2606.8,0.32,412.12,8,10303
00085062,0,0,0,0,0,0,0,0,0,0,0,0,0,0,0,2,0,0,0,0,0,0,0,0,0,0,0,0,0,0,0,0,0,0,0,0,0,0,0,0,367.8,0,0,0,0,0,0,0,0,0,0.08,14.712,2,367.8
00085225,0,0,0,0,0,0,0,0,0,0,0,0,0,0,0,1,1,1,1,1,0,1,0,1,2,0,0,0,0,0,0,0,0,0,0,0,0,0,0,0,1973.3,2072,2072,2072,2072,0,2072,0,2072,4144,0.36,741.972,9,18549.3
000DCGACT-1,0,0,0,0,0,0,0,0,0,0,0,0,0,0,0,0,0,0,0,0,0,7,0,0,10,0,0,0,0,0,0,0,0,0,0,0,0,0,0,0,0,0,0,0,0,0,766.5,0,0,1950,0.68,108.66,17,2716.5
000DCGACT-2,0,0,0,0,0,0,0,0,0,0,0,0,0,0,0,0,0,0,0,0,0,7,0,0,10,0,0,0,0,0,0,0,0,0,0,0,0,0,0,0,0,0,0,0,0,0,766.5,0,0,1950,0.68,108.66,17,2716.5
000GACT+,0,0,0,0,0,0,0,0,0,0,0,0,0,1,0,0,1,1,1,0,2,1,0,2,6,0,0,0,0,0,0,0,0,0,0,0,0,0,157,0,0,179,179,179,0,358,179,0,358,1074,0.6,106.52,15,2663
0306115000,0,0,0,0,0,0,0,0,0,0,0,0,0,0,0,1,0,0,0,0,0,0,0,0,0,0,0,0,0,0,0,0,0,0,0,0,0,0,0,0,71.9,0,0,0,0,0,0,0,0,0,0.04,2.8760000000000003,1,71.9
0607-687-000,0,0,0,0,0,0,0,0,0,0,0,0,0,0,0,0,0,0,1,0,0,0,0,0,0,0,0,0,0,0,0,0,0,0,0,0,0,0,0,0,0,0,0,1345.24,0,0,0,0,0,0,0.04,53.8096,1,1345.24
1001782-HC,0,0,0,0,0,0,0,0,0,0,0,0,0,0,0,0,0,0,0,1,1,0,0,3,0,0,0,0,0,0,0,0,0,0,0,0,0,0,0,0,0,0,0,0,75,75,0,0,225,0,0.2,15,5,375
1009660,0,0,0,0,0,0,0,0,0,0,0,0,0,1,2,0,0,0,0,1,0,0,0,0,0,0,0,0,0,0,0,0,0,0,0,0,0,0,75,150,0,0,0,0,75,0,0,0,0,0,0.16,12,4,300
1025-011-000,0,0,0,0,0,0,0,0,0,0,0,0,0,0,0,0,0,0,4,0,0,0,0,0,0,0,0,0,0,0,0,0,0,0,0,0,0,0,0,0,0,0,0,2090,0,0,0,0,0,0,0.16,83.6,4,2090
1025011500,0,0,0,0,0,0,0,0,0,0,0,0,0,0,0,0,0,0,2,0,0,0,0,0,0,0,0,0,0,0,0,0,0,0,0,0,0,0,0,0,0,0,0,800.5,0,0,0,0,0,0,0.08,32.02,2,800.5
103-0608,0,0,0,0,0,0,0,0,0,0,0,0,0,1,0,0,0,0,0,0,0,0,0,0,0,0,0,0,0,0,0,0,0,0,0,0,0,0,395,0,0,0,0,0,0,0,0,0,0,0,0.04,15.8,1,395
1032-115-000,0,0,0,0,0,0,0,0,0,2,0,0,0,0,0,1,0,0,2,0,0,0,0,0,0,0,0,0,0,0,0,0,0,0,5677.36,0,0,0,0,0,2838.68,0,0,4892,0,0,0,0,0,0,0.2,536.3216,5,13408.039999999999
1032-120-000,0,0,0,0,0,0,0,0,0,0,0,0,0,0,0,0,0,0,2,0,0,0,0,0,2,0,0,0,0,0,0,0,0,0,0,0,0,0,0,0,0,0,0,5459,0,0,0,0,0,5459,0.16,436.72,4,10918
104-4153,0,0,0,0,0,0,0,0,0,0,0,0,0,0,0,0,2,0,0,0,0,0,0,0,0,0,0,0,0,0,0,0,0,0,0,0,0,0,0,0,0,2180,0,0,0,0,0,0,0,0,0.08,87.2,2,2180
104-4370,0,0,0,0,0,0,0,0,0,0,0,0,0,0,0,0,0,0,0,2,2,0,5,0,0,0,0,0,0,0,0,0,0,0,0,0,0,0,0,0,0,0,0,0,2180,2180,0,5450,0,0,0.36,392.4,9,9810
104-4415,0,0,0,0,0,0,0,0,0,0,0,0,0,0,0,2,0,0,1,0,0,0,0,0,0,0,0,0,0,0,0,0,0,0,0,0,0,0,0,0,2180,0,0,1090,0,0,0,0,0,0,0.12,130.8,3,3270
104-4420V04,0,0,-1,0,0,0,0,0,0,0,0,0,0,0,0,0,0,0,0,0,0,0,1,0,0,0,0,-1090,0,0,0,0,0,0,0,0,0,0,0,0,0,0,0,0,0,0,0,1090,0,0,0,0,0,0
104-4470,0,0,0,0,0,0,0,0,0,0,0,0,0,3,0,2,0,0,2,0,2,0,3,0,3,0,0,0,0,0,0,0,0,0,0,0,0,0,3270,0,2180,0,0,2180,0,2180,0,3270,0,3270,0.6,654,15,16350
104-4715,-3,0,0,0,0,0,0,0,0,0,0,0,0,0,0,1,0,0,0,0,0,0,0,0,0,-3270,0,0,0,0,0,0,0,0,0,0,0,0,0,0,1090,0,0,0,0,0,0,0,0,0,-0.08,-87.2,-2,-2180
104-4770,0,0,0,0,0,0,0,0,0,0,0,0,0,0,2,0,1,0,0,0,0,0,2,0,1,0,0,0,0,0,0,0,0,0,0,0,0,0,0,2180,0,1090,0,0,0,0,0,2180,0,1090,0.24,261.6,6,6540
105-5056,0,0,0,0,0,0,0,0,0,0,0,0,0,0,0,0,0,0,2,0,0,0,0,0,0,0,0,0,0,0,0,0,0,0,0,0,0,0,0,0,0,0,0,1132,0,0,0,0,0,0,0.08,45.28,2,1132
105-5092-150,0,0,0,0,0,0,0,0,0,0,0,0,0,0,0,1,0,0,0,0,0,0,0,0,0,0,0,0,0,0,0,0,0,0,0,0,0,0,0,0,614,0,0,0,0,0,0,0,0,0,0.04,24.56,1,614
105-5095-000,0,0,0,0,0,0,0,0,0,0,0,0,0,0,0,0,0,0,0,0,0,0,0,0,1,0,0,0,0,0,0,0,0,0,0,0,0,0,0,0,0,0,0,0,0,0,0,0,0,1995,0.04,79.8,1,1995
105-5096-000,0,0,0,0,0,0,0,0,0,0,0,0,0,1,1,0,0,0,0,0,0,0,0,0,0,0,0,0,0,0,0,0,0,0,0,0,0,0,1995,1995,0,0,0,0,0,0,0,0,0,0,0.08,159.6,2,3990
105-7100-060,0,0,0,0,0,0,0,0,0,0,0,0,10,1,2,4,0,2,3,1,0,0,2,2,10,0,0,0,0,0,0,0,0,0,0,0,0,19500,1950,3900,7800,0,3900,5850,1950,0,0,3900,3900,19500,1.48,2886,37,72150
12TLW405F35,0,0,0,0,0,0,0,0,0,0,0,0,0,0,0,0,0,0,0,0,0,0,0,0,1,0,0,0,0,0,0,0,0,0,0,0,0,0,0,0,0,0,0,0,0,0,0,0,0,103.59,0.04,4.1436,1,103.59
12TLW805F35,0,0,0,0,0,0,0,0,0,0,0,0,0,0,0,0,0,0,0,0,0,0,0,0,2,0,0,0,0,0,0,0,0,0,0,0,0,0,0,0,0,0,0,0,0,0,0,0,0,207.18,0.08,8.2872,2,207.18
145-5091-150,0,0,0,0,0,0,0,0,0,0,0,0,0,0,0,1,0,0,0,0,0,0,0,0,0,0,0,0,0,0,0,0,0,0,0,0,0,0,0,0,631,0,0,0,0,0,0,0,0,0,0.04,25.24,1,631
145-5092-150,0,0,0,0,0,0,0,0,0,0,0,0,0,0,0,2,0,0,0,0,0,0,0,0,0,0,0,0,0,0,0,0,0,0,0,0,0,0,0,0,1262,0,0,0,0,0,0,0,0,0,0.08,50.48,2,1262
172014-LVISJ,0,0,0,0,0,0,0,0,0,0,0,0,0,0,0,0,1,0,1,1,0,0,0,0,0,0,0,0,0,0,0,0,0,0,0,0,0,0,0,0,0,6000,0,6579.31,6579.31,0,0,0,0,0,0.12,766.3448000000001,3,19158.620000000003
172020-LVISJ,0,0,0,0,0,0,0,0,0,0,0,0,0,0,0,0,1,0,0,0,0,0,0,0,1,0,0,0,0,0,0,0,0,0,0,0,0,0,0,0,0,6000,0,0,0,0,0,0,0,6579.31,0.08,503.17240000000004,2,12579.310000000001
172516-LVISJ,0,0,0,1,0,0,0,0,0,0,0,0,1,0,0,0,0,0,0,1,0,0,0,0,0,0,0,0,6000,0,0,0,0,0,0,0,0,6000,0,0,0,0,0,0,6579.31,0,0,0,0,0,0.12,743.1724,3,18579.31
18-07s10F,0,0,0,0,0,0,0,0,0,0,0,0,-1,0,0,0,0,0,0,0,0,0,0,0,1,0,0,0,0,0,0,0,0,0,0,0,0,-1450,0,0,0,0,0,0,0,0,0,0,0,1450,0,0,0,0
1C8296,0,0,0,0,0,0,0,0,0,0,0,0,0,1,1,0,0,0,0,0,0,0,0,0,0,0,0,0,0,0,0,0,0,0,0,0,0,0,162.805,161.62,0,0,0,0,0,0,0,0,0,0,0.08,12.977,2,324.425
215-123-5UU,0,0,0,0,0,0,0,0,0,0,0,0,0,0,0,0,0,0,0,0,1,0,0,0,0,0,0,0,0,0,0,0,0,0,0,0,0,0,0,0,0,0,0,0,0,140,0,0,0,0,0.04,5.6,1,140
22437-19,0,0,0,0,0,0,0,0,0,0,0,0,0,0,0,0,0,1,0,0,0,0,0,0,0,0,0,0,0,0,0,0,0,0,0,0,0,0,0,0,0,0,1870,0,0,0,0,0,0,0,0.04,74.8,1,1870
22438-19,0,0,0,0,0,0,0,0,0,0,0,0,0,2,4,4,4,2,1,1,3,0,5,0,5,0,0,0,0,0,0,0,0,0,0,0,0,0,3927,8228,8228,8228,4114,2057,2057,6171,0,10285,0,10285,1.24,2543.2,31,63580
23242,0,0,0,0,0,0,0,0,0,0,0,0,0,50,0,0,20,20,20,20,30,0,0,90,60,0,0,0,0,0,0,0,0,0,0,0,0,0,950,0,0,380,380,380,380,570,0,0,1710,1140,12.4,235.6,310,5890
352506070E,0,0,0,0,0,0,0,0,0,0,0,0,0,0,20,0,0,0,0,0,0,0,0,0,0,0,0,0,0,0,0,0,0,0,0,0,0,0,0,19900,0,0,0,0,0,0,0,0,0,0,0.8,796,20,19900
360-1580-02,0,0,0,0,0,0,0,0,0,0,0,0,0,0,0,0,0,0,0,1,0,0,0,0,0,0,0,0,0,0,0,0,0,0,0,0,0,0,0,0,0,0,0,0,282,0,0,0,0,0,0.04,11.28,1,282
370-1080-02,0,0,0,0,0,0,0,0,0,0,0,0,0,0,0,0,0,0,0,2,0,0,0,0,0,0,0,0,0,0,0,0,0,0,0,0,0,0,0,0,0,0,0,0,910,0,0,0,0,0,0.08,36.4,2,910
3MAXC,0,0,0,0,0,0,0,0,0,0,0,0,0,0,0,0,0,0,0,0,0,1,0,0,0,0,0,0,0,0,0,0,0,0,0,0,0,0,0,0,0,0,0,0,0,0,1670,0,0,0,0.04,66.8,1,1670
41047-01,0,0,0,0,0,0,0,0,0,0,0,0,0,0,0,0,0,0,2,0,0,0,0,0,0,0,0,0,0,0,0,0,0,0,0,0,0,0,0,0,0,0,0,166.6,0,0,0,0,0,0,0.08,6.664,2,166.6
412535VER,0,0,0,0,0,0,0,0,0,0,0,0,0,0,0,0,0,0,0,2,1,0,0,0,1,0,0,0,0,0,0,0,0,0,0,0,0,0,0,0,0,0,0,0,120,60,0,0,0,60,0.16,9.6,4,240
424-4040W,0,0,0,0,0,0,0,0,0,0,0,0,0,0,0,0,0,0,0,0,0,0,1,0,2,0,0,0,0,0,0,0,0,0,0,0,0,0,0,0,0,0,0,0,0,0,0,207.73,0,436.24,0.12,25.7588,3,643.97
424-4520W,0,0,0,0,0,0,0,0,0,0,0,0,0,1,0,0,1,1,0,0,0,0,0,0,0,0,0,0,0,0,0,0,0,0,0,0,0,0,207.73,0,0,218.19,218.12,0,0,0,0,0,0,0,0.12,25.761599999999998,3,644.04
424-5030W,0,0,0,0,0,0,0,0,0,0,0,0,2,0,0,0,1,0,0,0,1,0,1,0,0,0,0,0,0,0,0,0,0,0,0,0,0,415.46,0,0,0,207.73,0,0,0,207.73,0,218.12,0,0,0.2,41.9616,5,1049.04
424-5040W,0,0,0,0,0,0,0,0,0,0,0,0,0,0,0,0,0,0,0,0,0,0,0,0,1,0,0,0,0,0,0,0,0,0,0,0,0,0,0,0,0,0,0,0,0,0,0,0,0,207.73,0.04,8.309199999999999,1,207.73
424-5530W,0,0,0,0,0,0,0,0,0,0,0,0,0,0,2,2,1,1,0,0,0,0,0,0,1,0,0,0,0,0,0,0,0,0,0,0,0,0,0,425.85,436.24,218.12,218.12,0,0,0,0,0,0,218.12,0.28,60.657999999999994,7,1516.45
4244030W,0,0,0,0,0,0,0,0,0,0,0,0,0,0,1,1,1,1,0,0,0,0,0,0,1,0,0,0,0,0,0,0,0,0,0,0,0,0,0,207.73,207.73,218.12,218.12,0,0,0,0,0,0,218.12,0.2,42.7928,5,1069.82
4244530W,0,0,0,0,0,0,0,0,0,0,0,0,0,0,1,0,0,0,0,0,1,2,0,0,0,0,0,0,0,0,0,0,0,0,0,0,0,0,0,207.73,0,0,0,0,0,218.12,436.24,0,0,0,0.16,34.4836,4,862.09
4244540W,0,0,0,0,0,0,0,0,0,0,0,0,0,0,0,0,0,0,1,0,0,0,0,0,1,0,0,0,0,0,0,0,0,0,0,0,0,0,0,0,0,0,0,207.73,0,0,0,0,0,218.12,0.08,17.034000000000002,2,425.85
4245020W,0,0,0,0,0,0,0,0,0,0,0,0,0,0,0,1,0,0,0,0,0,0,1,0,0,0,0,0,0,0,0,0,0,0,0,0,0,0,0,0,207.73,0,0,0,0,0,0,218.12,0,0,0.08,17.034000000000002,2,425.85
4245520W,0,0,0,0,0,0,0,0,0,0,0,0,0,0,0,0,0,0,0,1,1,0,0,0,0,0,0,0,0,0,0,0,0,0,0,0,0,0,0,0,0,0,0,0,207.73,218.12,0,0,0,0,0.08,17.034000000000002,2,425.85
4246020W,0,0,0,0,0,0,0,0,0,0,0,0,0,0,0,0,0,0,0,0,0,0,1,0,0,0,0,0,0,0,0,0,0,0,0,0,0,0,0,0,0,0,0,0,0,0,0,207.73,0,0,0.04,8.309199999999999,1,207.73
4246040W,0,0,0,0,0,0,0,0,0,0,0,1,0,0,0,1,0,0,0,0,0,0,0,0,0,0,0,0,0,0,0,0,0,0,0,0,207.73,0,0,0,207.73,0,0,0,0,0,0,0,0,0,0.08,16.618399999999998,2,415.46
4247030W,0,0,0,0,0,0,0,0,0,0,0,0,0,0,1,0,0,0,0,0,0,0,0,0,0,0,0,0,0,0,0,0,0,0,0,0,0,0,0,207.73,0,0,0,0,0,0,0,0,0,0,0.04,8.309199999999999,1,207.73
4247040W,0,0,0,0,0,0,0,0,0,0,0,1,0,0,0,0,0,0,0,0,0,0,0,0,0,0,0,0,0,0,0,0,0,0,0,0,207.73,0,0,0,0,0,0,0,0,0,0,0,0,0,0.04,8.309199999999999,1,207.73
4359,0,0,0,0,0,0,0,0,0,0,0,0,0,0,0,0,0,0,0,1,0,0,0,0,0,0,0,0,0,0,0,0,0,0,0,0,0,0,0,0,0,0,0,0,75.81,0,0,0,0,0,0.04,3.0324,1,75.81
44600,0,0,0,0,0,0,0,0,0,0,0,0,0,0,0,0,1,0,0,0,0,0,0,0,0,0,0,0,0,0,0,0,0,0,0,0,0,0,0,0,0,2279,0,0,0,0,0,0,0,0,0.04,91.16,1,2279
556-25890,0,0,0,0,0,0,0,0,0,0,0,0,0,0,0,0,0,1,0,1,1,3,0,0,0,0,0,0,0,0,0,0,0,0,0,0,0,0,0,0,0,0,314.8,0,314.8,314.8,944.4,0,0,0,0.24,75.552,6,1888.8
55625800,0,0,0,0,0,0,0,0,0,0,0,0,0,0,0,0,0,0,1,4,0,0,0,0,0,0,0,0,0,0,0,0,0,0,0,0,0,0,0,0,0,0,0,288.88,1259.2,0,0,0,0,0,0.2,61.923199999999994,5,1548.08
5583-13,0,0,0,0,0,0,0,0,0,0,0,0,0,0,0,0,0,0,0,2,0,0,0,0,0,0,0,0,0,0,0,0,0,0,0,0,0,0,0,0,0,0,0,0,118.6,0,0,0,0,0,0.08,4.744,2,118.6
606051FX,0,0,0,0,0,12,0,0,0,0,0,0,0,4,12,0,5,2,0,9,0,0,0,1,0,0,0,0,0,0,8241.12,0,0,0,0,0,0,0,2977.28,8904.76,0,3721.6,1488.64,0,6698.88,0,0,0,744.32,0,1.8,1311.0640000000003,45,32776.6
606051X,0,0,0,0,0,0,0,0,0,0,0,0,4,0,0,0,0,0,0,0,0,0,1,0,0,0,0,0,0,0,0,0,0,0,0,0,0,2923.12,0,0,0,0,0,0,0,0,0,730.78,0,0,0.2,146.15599999999998,5,3653.8999999999996
606151FX,0,0,0,0,0,0,0,0,0,0,0,0,0,0,0,0,0,0,0,2,0,0,1,0,0,0,0,0,0,0,0,0,0,0,0,0,0,0,0,0,0,0,0,0,1505.7,0,0,752.85,0,0,0.12,90.34200000000001,3,2258.55
606151JX,0,0,0,0,0,0,0,0,0,0,0,0,0,0,0,0,0,0,0,0,0,2,1,0,0,0,0,0,0,0,0,0,0,0,0,0,0,0,0,0,0,0,0,0,0,0,1382.58,752.85,0,0,0.12,85.4172,3,2135.43
606151MX,0,0,0,0,0,0,0,0,0,0,0,0,0,0,0,0,0,0,0,0,0,0,0,0,1,0,0,0,0,0,0,0,0,0,0,0,0,0,0,0,0,0,0,0,0,0,0,0,0,752.85,0.04,30.114,1,752.85
6062510FX,0,0,0,0,0,0,0,0,0,0,0,0,0,0,0,0,0,0,1,0,0,0,0,0,0,0,0,0,0,0,0,0,0,0,0,0,0,0,0,0,0,0,0,717.56,0,0,0,0,0,0,0.04,28.702399999999997,1,717.56
606S255FX,0,0,0,0,0,0,0,0,0,0,0,0,0,0,0,0,0,0,0,2,0,0,2,0,0,0,0,0,0,0,0,0,0,0,0,0,0,0,0,0,0,0,0,0,1411.6,0,0,1411.6,0,0,0.16,112.928,4,2823.2
606S255X,0,0,0,0,0,0,0,0,0,0,0,0,0,0,0,1,2,2,0,0,0,0,3,1,0,0,0,0,0,0,0,0,0,0,0,0,0,0,0,0,687.06,1374.12,1374.12,0,0,0,0,2061.18,687.06,0,0.36,247.34159999999997,9,6183.539999999999
609230,0,0,0,0,0,0,0,0,0,0,0,0,0,0,0,0,0,0,0,0,2,0,0,0,0,0,0,0,0,0,0,0,0,0,0,0,0,0,0,0,0,0,0,0,0,794,0,0,0,0,0.08,31.76,2,794
610130,0,0,0,0,0,0,0,0,0,0,0,0,0,0,0,0,1,0,1,0,0,1,1,1,0,0,0,0,0,0,0,0,0,0,0,0,0,0,0,0,0,2650,0,2650,0,0,2650,2650,2650,0,0.2,530,5,13250
610131,0,0,0,0,0,0,0,0,0,0,0,0,0,1,0,0,0,0,0,0,0,0,0,0,0,0,0,0,0,0,0,0,0,0,0,0,0,0,2650,0,0,0,0,0,0,0,0,0,0,0,0.04,106,1,2650
610401,0,0,0,0,0,0,0,0,0,0,0,0,0,0,0,3,0,0,0,0,0,0,0,0,0,0,0,0,0,0,0,0,0,0,0,0,0,0,0,0,553.35,0,0,0,0,0,0,0,0,0,0.12,22.134,3,553.35
631-400,0,0,0,0,0,0,0,0,0,0,0,0,0,8,2,4,1,3,1,7,2,4,3,5,3,0,0,0,0,0,0,0,0,0,0,0,0,0,39804,9951,19902,4975.5,14926.5,4975.5,34828.5,9951,19902,14926.5,24877.5,14926.5,1.72,8557.86,43,213946.5
631-500,0,0,0,0,0,0,0,0,0,0,0,0,0,0,0,0,0,0,0,0,0,1,1,0,0,0,0,0,0,0,0,0,0,0,0,0,0,0,0,0,0,0,0,0,0,0,4065.27,4065.27,0,0,0.08,325.2216,2,8130.54
635-002,0,0,0,0,0,0,0,0,0,0,0,0,0,0,0,2,1,1,0,3,0,0,5,0,0,0,0,0,0,0,0,0,0,0,0,0,0,0,0,0,461.2,230.6,230.6,0,691.8,0,0,1153,0,0,0.48,110.68799999999999,12,2767.2
640CF0510,0,0,0,0,0,0,0,0,0,0,0,0,0,0,0,2,0,1,0,4,0,0,0,1,0,0,0,0,0,0,0,0,0,0,0,0,0,0,0,0,2452.22,0,1333.52,0,5334.08,0,0,0,1333.52,0,0.32,418.1336,8,10453.34
640CF0515,0,0,0,0,0,0,0,0,0,0,0,0,0,0,0,4,0,0,0,3,0,0,0,0,0,0,0,0,0,0,0,0,0,0,0,0,0,0,0,0,5334.08,0,0,0,4000.56,0,0,0,0,0,0.28,373.38559999999995,7,9334.64
640CF0620,0,0,0,0,0,0,0,0,0,0,0,0,0,0,0,0,0,0,0,1,0,0,1,0,0,0,0,0,0,0,0,0,0,0,0,0,0,0,0,0,0,0,0,0,1333.52,0,0,1333.52,0,0,0.08,106.6816,2,2667.04
640CF0721,0,0,0,0,0,0,0,0,0,0,0,0,0,0,1,0,0,0,0,0,0,0,0,0,0,0,0,0,0,0,0,0,0,0,0,0,0,0,0,1333.52,0,0,0,0,0,0,0,0,0,0,0.04,53.3408,1,1333.52
640CF0925,0,0,0,0,0,0,0,0,0,0,0,0,0,0,0,0,0,0,0,0,0,0,1,0,0,0,0,0,0,0,0,0,0,0,0,0,0,0,0,0,0,0,0,0,0,0,0,1333.52,0,0,0.04,53.3408,1,1333.52
640CF1030,0,0,0,0,0,0,0,0,0,0,0,0,0,0,0,0,0,0,0,0,0,0,2,0,0,0,0,0,0,0,0,0,0,0,0,0,0,0,0,0,0,0,0,0,0,0,0,2667.04,0,0,0.08,106.6816,2,2667.04
640CR0830,0,0,0,0,0,0,0,0,0,0,0,0,0,0,0,0,0,0,0,0,0,0,2,0,0,0,0,0,0,0,0,0,0,0,0,0,0,0,0,0,0,0,0,0,0,0,0,2452.22,0,0,0.08,98.08879999999999,2,2452.22
640CR0930,0,0,0,0,0,0,0,0,0,0,0,0,0,0,0,0,0,0,0,0,0,0,2,0,0,0,0,0,0,0,0,0,0,0,0,0,0,0,0,0,0,0,0,0,0,0,0,2452.22,0,0,0.08,98.08879999999999,2,2452.22
640CR1030,0,0,0,0,0,0,0,0,0,0,0,0,0,0,0,0,0,0,0,0,0,0,2,0,0,0,0,0,0,0,0,0,0,0,0,0,0,0,0,0,0,0,0,0,0,0,0,2667.04,0,0,0.08,106.6816,2,2667.04
640CR1230,0,0,0,0,0,0,0,0,0,0,0,0,0,0,0,0,0,0,0,0,0,0,1,0,0,0,0,0,0,0,0,0,0,0,0,0,0,0,0,0,0,0,0,0,0,0,0,1333.52,0,0,0.04,53.3408,1,1333.52
640CR1630,0,0,0,0,0,0,0,0,0,0,0,0,0,0,1,0,0,0,0,0,0,0,0,0,0,0,0,0,0,0,0,0,0,0,0,0,0,0,0,1226.11,0,0,0,0,0,0,0,0,0,0,0.04,49.044399999999996,1,1226.11
640CX0201,0,0,0,0,0,0,0,0,0,0,0,0,0,3,0,2,0,2,0,0,0,0,0,0,0,0,0,0,0,0,0,0,0,0,0,0,0,0,3678.33,0,2667.04,0,2667.04,0,0,0,0,0,0,0,0.28,360.4964,7,9012.41
640CX0202,0,0,0,0,0,0,0,0,0,0,0,0,0,2,3,0,0,1,0,1,0,0,0,0,0,0,0,0,0,0,0,0,0,0,0,0,0,0,2452.22,4000.56,0,0,1333.52,0,1333.52,0,0,0,0,0,0.28,364.7928,7,9119.82
640CX0306,0,0,0,0,0,0,0,0,0,0,0,0,1,0,0,1,2,0,0,7,0,0,1,0,0,0,0,0,0,0,0,0,0,0,0,0,0,1333.52,0,0,1333.52,2667.04,0,0,9334.64,0,0,1333.52,0,0,0.48,640.0896,12,16002.24
640CX0308,0,0,0,0,0,0,0,0,0,0,0,0,0,0,1,5,1,0,0,10,0,0,1,0,0,0,0,0,0,0,0,0,0,0,0,0,0,0,0,1333.52,6667.6,1333.52,0,0,13335.2,0,0,1333.52,0,0,0.72,960.1344000000001,18,24003.36
640CX0410,0,0,0,0,0,0,0,0,0,0,0,0,0,0,0,6,1,0,0,5,0,0,3,0,0,0,0,0,0,0,0,0,0,0,0,0,0,0,0,0,8001.120000000001,1333.52,0,0,6667.6,0,0,4000.56,0,0,0.6,800.1120000000001,15,20002.800000000003
640CX2505,0,0,0,0,0,0,0,0,0,0,0,0,0,2,1,0,1,2,0,1,0,0,5,0,0,0,0,0,0,0,0,0,0,0,0,0,0,0,2667.04,1333.52,0,1333.52,2667.04,0,1333.52,0,0,6667.6,0,0,0.48,640.0896,12,16002.24
640CX3505,0,0,0,0,0,0,0,0,0,0,0,0,0,0,0,0,0,0,0,1,0,0,0,0,0,0,0,0,0,0,0,0,0,0,0,0,0,0,0,0,0,0,0,0,1226.11,0,0,0,0,0,0.04,49.044399999999996,1,1226.11
640CX3509,0,0,0,0,0,0,0,0,0,0,0,0,0,0,0,3,1,1,0,3,0,0,1,0,0,0,0,0,0,0,0,0,0,0,0,0,0,0,0,0,3678.33,1333.52,1333.52,0,4000.56,0,0,1333.52,0,0,0.36,467.17800000000005,9,11679.45
659190,0,0,0,0,0,0,0,0,0,0,0,0,0,0,0,0,0,0,0,0,2,0,0,0,0,0,0,0,0,0,0,0,0,0,0,0,0,0,0,0,0,0,0,0,0,794,0,0,0,0,0.08,31.76,2,794
670-256-90,0,0,0,0,0,0,0,0,0,0,0,0,0,0,0,13,0,0,0,0,0,1,0,0,0,0,0,0,0,0,0,0,0,0,0,0,0,0,0,0,4092.4,0,0,0,0,0,314.8,0,0,0,0.56,176.28799999999998,14,4407.2
670-256-90B,0,0,0,0,0,0,0,0,0,0,0,0,0,1,4,1,1,1,0,1,1,1,1,3,3,0,0,0,0,0,0,0,0,0,0,0,0,0,314.8,1259.2,314.8,314.8,314.8,0,314.8,314.8,314.8,314.8,944.4000000000001,944.4000000000001,0.72,226.65600000000006,18,5666.4
670-258-00,0,0,0,0,0,0,0,0,0,0,0,0,0,0,0,0,0,0,2,1,3,1,3,0,2,0,0,0,0,0,0,0,0,0,0,0,0,0,0,0,0,0,0,603.6800000000001,314.8,944.4000000000001,314.8,944.4,0,629.6,0.48,150.0672,12,3751.6800000000003
670-258-90B,0,0,0,0,0,0,0,0,0,0,1,0,0,0,0,2,0,1,0,0,0,0,0,0,1,0,0,0,0,0,0,0,0,0,0,314.8,0,0,0,0,629.6,0,314.8,0,0,0,0,0,0,314.8,0.2,62.96,5,1574
67025600B,0,0,0,0,0,0,0,0,0,0,0,0,0,0,0,0,0,0,0,0,2,0,0,0,0,0,0,0,0,0,0,0,0,0,0,0,0,0,0,0,0,0,0,0,0,629.6,0,0,0,0,0.08,25.184,2,629.6
67025800B,0,0,0,0,0,0,0,0,0,0,0,0,0,0,0,0,0,0,1,0,0,0,1,3,1,0,0,0,0,0,0,0,0,0,0,0,0,0,0,0,0,0,0,288.88,0,0,0,314.8,944.4000000000001,314.8,0.24,74.51520000000001,6,1862.88
67026000B,0,0,0,0,0,0,0,0,0,0,0,0,0,0,0,0,0,0,0,0,0,0,6,0,0,0,0,0,0,0,0,0,0,0,0,0,0,0,0,0,0,0,0,0,0,0,0,1733.28,0,0,0.24,69.3312,6,1733.28
67026090,0,0,0,0,0,0,0,0,0,0,0,0,5,0,1,0,0,3,2,0,0,0,5,0,3,0,0,0,0,0,0,0,0,0,0,0,0,1574,0,314.8,0,0,944.4000000000001,629.6,0,0,0,1574,0,944.4000000000001,0.76,239.24799999999996,19,5981.2
67026090B,0,0,0,0,0,0,0,0,0,0,0,0,0,2,0,0,2,0,0,1,0,1,0,0,2,0,0,0,0,0,0,0,0,0,0,0,0,0,629.6,0,0,629.6,0,0,314.8,0,314.8,0,0,629.6,0.32,100.736,8,2518.4
7110-0102,0,0,0,0,0,0,0,0,0,0,0,0,0,0,0,0,1,0,0,0,0,0,0,0,0,0,0,0,0,0,0,0,0,0,0,0,0,0,0,0,0,2875,0,0,0,0,0,0,0,0,0.04,115,1,2875
7110-0204,0,0,0,0,0,0,0,0,0,0,0,0,0,0,0,0,1,0,0,0,0,0,0,0,0,0,0,0,0,0,0,0,0,0,0,0,0,0,0,0,0,2875,0,0,0,0,0,0,0,0,0.04,115,1,2875
7110-0410,0,0,0,0,0,0,0,0,0,0,0,0,0,0,0,0,1,0,0,0,0,0,0,0,0,0,0,0,0,0,0,0,0,0,0,0,0,0,0,0,0,2875,0,0,0,0,0,0,0,0,0.04,115,1,2875
7110-0715,0,0,0,0,0,0,0,0,0,0,0,0,0,0,0,0,1,0,0,0,0,0,0,0,0,0,0,0,0,0,0,0,0,0,0,0,0,0,0,0,0,2875,0,0,0,0,0,0,0,0,0.04,115,1,2875
7110-0817,0,0,0,0,0,0,0,0,0,0,0,0,0,0,0,0,1,0,0,0,0,0,0,0,0,0,0,0,0,0,0,0,0,0,0,0,0,0,0,0,0,2875,0,0,0,0,0,0,0,0,0.04,115,1,2875
77826090,0,0,0,0,0,0,0,0,0,0,0,0,0,1,0,0,0,0,0,0,0,0,0,0,0,0,0,0,0,0,0,0,0,0,0,0,0,0,327.92,0,0,0,0,0,0,0,0,0,0,0,0.04,13.116800000000001,1,327.92
80-1050,0,0,0,0,0,0,0,0,0,0,0,0,0,12,12,42,0,0,0,0,16,7,24,12,8,0,0,0,0,0,0,0,0,0,0,0,0,0,3630,3630,11797.5,0,0,0,0,4840,2117.5,7260,3630,2420,5.32,1573,133,39325
80-1060,0,0,0,0,0,0,0,0,0,0,0,0,0,4,3,10,0,0,0,4,4,0,6,4,4,0,0,0,0,0,0,0,0,0,0,0,0,0,1210,907.5,2722.5,0,0,0,1210,1210,0,1815,1210,1210,1.56,459.8,39,11495
80-1070,0,0,0,0,0,0,0,0,0,0,0,0,0,4,3,19,0,0,0,0,4,0,4,4,2,0,0,0,0,0,0,0,0,0,0,0,0,0,1210,907.5,5172.75,0,0,0,0,1210,0,1210,1210,605,1.6,461.01,40,11525.25
8200-14,0,0,0,0,0,0,0,0,0,0,0,0,0,0,0,0,0,0,0,0,0,0,0,0,1,0,0,0,0,0,0,0,0,0,0,0,0,0,0,0,0,0,0,0,0,0,0,0,0,135.75,0.04,5.43,1,135.75
82000,0,0,0,0,0,0,0,0,0,0,0,0,0,1,0,1,0,2,0,2,0,0,0,2,0,0,0,0,0,0,0,0,0,0,0,0,0,0,620,0,620,0,1240,0,1240,0,0,0,1240,0,0.32,198.4,8,4960
8300,0,0,0,0,0,0,0,1,0,0,0,0,0,0,0,0,0,0,0,0,0,0,0,0,0,0,0,0,0,0,0,0,2290,0,0,0,0,0,0,0,0,0,0,0,0,0,0,0,0,0,0.04,91.6,1,2290
8301,0,0,0,0,0,0,0,0,0,0,0,0,1,0,0,0,0,0,0,0,0,0,0,0,0,0,0,0,0,0,0,0,0,0,0,0,0,2140,0,0,0,0,0,0,0,0,0,0,0,0,0.04,85.6,1,2140
8514,0,0,0,0,0,0,0,0,0,0,0,0,0,0,0,0,0,0,0,0,4,0,0,0,0,0,0,0,0,0,0,0,0,0,0,0,0,0,0,0,0,0,0,0,0,265.32,0,0,0,0,0.16,10.6128,4,265.32
90701722,0,0,0,0,0,0,0,0,0,0,0,0,0,0,1,0,0,0,0,0,0,0,0,0,0,0,0,0,0,0,0,0,0,0,0,0,0,0,0,72.81,0,0,0,0,0,0,0,0,0,0,0.04,2.9124,1,72.81
9100-B,0,0,0,0,0,0,0,0,0,0,0,0,0,0,0,4,0,0,0,0,0,0,0,0,0,0,0,0,0,0,0,0,0,0,0,0,0,0,0,0,530,0,0,0,0,0,0,0,0,0,0.16,21.2,4,530
A14-200-002,0,0,0,0,0,0,0,0,0,0,0,0,0,0,0,0,0,2,2,0,0,1,0,0,0,0,0,0,0,0,0,0,0,0,0,0,0,0,0,0,0,0,1010,1010,0,0,505,0,0,0,0.2,101,5,2525
A18-200-002,0,0,0,0,0,0,0,0,0,0,0,0,0,6,0,0,0,0,0,0,1,3,0,0,4,0,0,0,0,0,0,0,0,0,0,0,0,0,3750,0,0,0,0,0,0,625,1875,0,0,2500,0.56,350,14,8750
A24-200-001,0,0,0,0,0,0,0,0,0,0,0,0,0,0,0,0,0,0,0,1,0,0,0,0,0,0,0,0,0,0,0,0,0,0,0,0,0,0,0,0,0,0,0,0,725,0,0,0,0,0,0.04,29,1,725
A24-200-002,0,0,0,0,0,0,0,0,0,0,0,0,0,0,0,0,0,0,0,0,0,1,0,0,2,0,0,0,0,0,0,0,0,0,0,0,0,0,0,0,0,0,0,0,0,0,725,0,0,1450,0.12,87,3,2175
AB9U16120090,0,0,0,0,0,0,0,0,0,0,0,0,0,0,0,0,0,1,0,0,0,0,0,0,0,0,0,0,0,0,0,0,0,0,0,0,0,0,0,0,0,0,1895,0,0,0,0,0,0,0,0.04,75.8,1,1895
AB9U16150090,0,0,0,0,0,0,0,0,0,0,0,0,0,0,0,0,0,1,0,0,0,0,0,0,0,0,0,0,0,0,0,0,0,0,0,0,0,0,0,0,0,0,2125,0,0,0,0,0,0,0,0.04,85,1,2125
AG7420,0,0,0,0,0,0,0,0,0,0,0,0,0,0,0,0,0,0,1,0,0,0,0,0,0,0,0,0,0,0,0,0,0,0,0,0,0,0,0,0,0,0,0,1200,0,0,0,0,0,0,0.04,48,1,1200
APB-1-2-3D-ES,0,0,0,0,0,0,0,0,0,0,0,0,0,0,0,0,0,0,0,0,0,0,2,0,0,0,0,0,0,0,0,0,0,0,0,0,0,0,0,0,0,0,0,0,0,0,0,3100,0,0,0.08,124,2,3100
APB-1.5-2-3D-ES,0,0,0,0,0,0,0,0,0,0,0,0,0,0,0,0,2,0,0,0,0,0,0,0,0,0,0,0,0,0,0,0,0,0,0,0,0,0,0,0,0,3100,0,0,0,0,0,0,0,0,0.08,124,2,3100
APB-1.5-3-3D-ES,0,0,0,0,0,0,0,0,0,0,0,0,0,0,0,0,0,0,0,0,0,0,1,0,0,0,0,0,0,0,0,0,0,0,0,0,0,0,0,0,0,0,0,0,0,0,0,1550,0,0,0.04,62,1,1550
APB-1.5-4-3D-ES,0,0,0,0,0,0,1,0,0,0,0,0,2,0,0,0,1,0,0,0,0,0,1,0,0,0,0,0,0,0,0,1550,0,0,0,0,0,3100,0,0,0,1550,0,0,0,0,0,1550,0,0,0.2,310,5,7750
APB-2-4-3D-ES,0,0,0,-4,0,0,0,0,0,0,0,0,0,0,0,0,0,0,0,1,0,0,0,0,0,0,0,0,-6294,0,0,0,0,0,0,0,0,0,0,0,0,0,0,0,1550,0,0,0,0,0,-0.12,-189.76,-3,-4744
APB-2.5-4-3D-ES,0,0,0,0,0,0,0,0,0,0,0,0,0,0,0,0,0,0,0,0,0,0,4,0,0,0,0,0,0,0,0,0,0,0,0,0,0,0,0,0,0,0,0,0,0,0,0,6200,0,0,0.16,248,4,6200
APB-3-4-3D-ES,0,0,0,0,0,0,0,0,0,0,0,0,0,0,0,0,0,0,0,2,0,0,0,0,0,0,0,0,0,0,0,0,0,0,0,0,0,0,0,0,0,0,0,0,3100,0,0,0,0,0,0.08,124,2,3100
APB-3-6-3D-ES,0,0,0,0,0,0,0,0,0,0,0,0,0,0,0,0,0,0,0,1,0,0,0,0,0,0,0,0,0,0,0,0,0,0,0,0,0,0,0,0,0,0,0,0,1550,0,0,0,0,0,0.04,62,1,1550
APB-3-8-3D-ES,0,0,0,0,0,0,0,0,0,0,0,0,0,0,0,2,0,0,0,3,0,0,0,0,0,0,0,0,0,0,0,0,0,0,0,0,0,0,0,0,3100,0,0,0,4650,0,0,0,0,0,0.2,310,5,7750
APB-3.5-10-3D-ES,0,0,0,0,0,0,0,0,0,0,0,0,0,0,0,3,0,0,0,1,0,0,0,0,0,0,0,0,0,0,0,0,0,0,0,0,0,0,0,0,4650,0,0,0,1550,0,0,0,0,0,0.16,248,4,6200
APB-3.5-8-3D-ES,0,0,0,0,0,0,0,0,0,0,0,0,0,0,0,1,0,0,0,3,0,0,0,0,0,0,0,0,0,0,0,0,0,0,0,0,0,0,0,0,1550,0,0,0,4650,0,0,0,0,0,0.16,248,4,6200
APB-4-10-3D-SS,0,0,0,0,0,0,0,0,0,0,0,0,0,0,0,1,0,0,0,0,0,0,0,0,0,0,0,0,0,0,0,0,0,0,0,0,0,0,0,0,1201,0,0,0,0,0,0,0,0,0,0.04,48.04,1,1201
APB-5-10-3D-SS,0,0,0,0,0,0,0,0,0,0,0,0,0,0,0,0,0,0,0,1,0,0,0,0,0,0,0,0,0,0,0,0,0,0,0,0,0,0,0,0,0,0,0,0,1201,0,0,0,0,0,0.04,48.04,1,1201
APB-6-20-3D-SS,0,0,0,0,0,0,0,0,0,0,0,0,0,0,0,1,0,0,0,1,0,0,0,0,0,0,0,0,0,0,0,0,0,0,0,0,0,0,0,0,1201,0,0,0,1201,0,0,0,0,0,0.08,96.08,2,2402
BALLAST100,0,0,0,0,0,0,0,0,0,0,0,0,0,0,0,0,5,0,0,5,0,0,0,0,5,0,0,0,0,0,0,0,0,0,0,0,0,0,0,0,0,2575,0,0,2575,0,0,0,0,2575,0.6,309,15,7725
BALLAST90,0,0,0,0,0,0,0,0,0,0,0,0,0,0,0,0,5,10,0,5,0,0,0,0,5,0,0,0,0,0,0,0,0,0,0,0,0,0,0,0,0,2575,5150,0,2575,0,0,0,0,2575,1,515,25,12875
BC0210M,0,0,0,0,0,0,0,0,0,0,0,0,0,0,0,0,0,4,4,6,0,0,3,4,3,0,0,0,0,0,0,0,0,0,0,0,0,0,0,0,0,0,13135,13580,20370,0,0,10185,13580,10185,0.96,3241.4,24,81035
BC0411XC,0,0,0,0,0,0,0,0,0,0,0,0,0,2,0,2,2,0,0,0,0,0,0,2,2,0,0,0,0,0,0,0,0,0,0,0,0,0,3910,0,3910,3910,0,0,0,0,0,0,3910,3910,0.4,782,10,19550
BG8087-090,0,0,0,0,0,0,0,0,0,0,0,0,0,1,3,0,5,6,3,2,3,2,4,1,1,0,0,0,0,0,0,0,0,0,0,0,0,0,1750,5250,0,8750,10500,5250,3500,5250,3500,7000,1750,1750,1.24,2170,31,54250
BMK6F105BER130,0,0,0,0,0,0,0,0,0,0,0,0,0,0,0,0,0,0,0,0,0,0,2,0,0,0,0,0,0,0,0,0,0,0,0,0,0,0,0,0,0,0,0,0,0,0,0,1750,0,0,0.08,70,2,1750
BMK6F95BER120,0,0,0,0,0,0,0,0,0,0,0,0,0,12,0,0,1,0,0,0,10,0,8,10,0,0,0,0,0,0,0,0,0,0,0,0,0,0,11700,0,0,975,0,0,0,8750,0,7000,8750,0,1.64,1487,41,37175
BMX7F105,0,0,0,0,0,0,0,0,0,0,0,0,0,0,3,0,2,0,0,0,0,0,0,0,0,0,0,0,0,0,0,0,0,0,0,0,0,0,0,2625,0,1750,0,0,0,0,0,0,0,0,0.2,175,5,4375
BMX7F95,0,0,0,0,0,0,0,0,0,0,0,0,0,3,7,0,8,0,10,0,0,0,0,0,0,0,0,0,0,0,0,0,0,0,0,0,0,0,2925,6125,0,7000,0,8750,0,0,0,0,0,0,1.12,992,28,24800
CG507,0,0,0,0,0,0,0,0,0,0,0,0,0,0,0,0,0,0,2,0,0,0,0,0,0,0,0,0,0,0,0,0,0,0,0,0,0,0,0,0,0,0,0,531.8,0,0,0,0,0,0,0.08,21.272,2,531.8
CG508,0,0,0,0,0,0,0,0,0,0,0,0,0,2,2,0,0,5,2,2,1,1,6,0,0,0,0,0,0,0,0,0,0,0,0,0,0,0,531.8,531.8,0,0,1329.5,531.8,531.8,265.9,265.9,1595.4,0,0,0.84,223.356,21,5583.9
CG511,0,0,0,0,0,0,0,0,0,0,0,0,0,5,15,6,6,7,12,5,10,9,10,19,0,0,0,0,0,0,0,0,0,0,0,0,0,0,1329.5,3988.5,1595.4,1595.4,1861.3,3190.8,1329.5,2659,2393.1000000000004,2659,5052.1,0,4.16,1106.144,104,27653.600000000002
CR7074,0,0,0,0,0,0,0,0,0,0,0,0,0,0,0,0,0,0,0,0,0,1,0,0,0,0,0,0,0,0,0,0,0,0,0,0,0,0,0,0,0,0,0,0,0,0,2195,0,0,0,0.04,87.8,1,2195
DA5125ST,0,0,0,0,0,0,0,0,0,0,0,0,3,2,2,7,9,3,6,11,6,4,6,5,13,0,0,0,0,0,0,0,0,0,0,0,0,3828,2552,2552,8932,11484,3828,7656,14036,7656,5104,7656,6380,16588,3.08,3930.08,77,98252
DA6125ST,0,0,0,0,0,0,0,0,0,0,0,0,0,0,0,1,2,0,0,0,0,0,0,0,1,0,0,0,0,0,0,0,0,0,0,0,0,0,0,0,2100,4200,0,0,0,0,0,0,0,2100,0.16,336,4,8400
DA6131ST,0,0,0,-3,0,0,0,0,0,0,0,0,0,3,3,3,10,6,7,9,9,8,6,3,6,0,0,0,-5850,0,0,0,0,0,0,0,0,0,6300,6300,6300,21000,12600,14700,18900,18900,16800,12600,6300,12600,2.8,5898,70,147450
DYNJSC101,0,0,0,0,0,0,0,0,0,0,0,0,0,1,0,0,0,0,0,0,0,0,1,0,0,0,0,0,0,0,0,0,0,0,0,0,0,0,44.02,0,0,0,0,0,0,0,0,44.02,0,0,0.08,3.5216000000000003,2,88.04
ECB00018200,0,0,0,0,0,0,0,0,0,0,0,0,0,0,0,1,2,1,2,1,0,0,0,0,0,0,0,0,0,0,0,0,0,0,0,0,0,0,0,0,150.83,461.2,230.6,461.2,230.6,0,0,0,0,0,0.28,61.377199999999995,7,1534.43
ENF402300,0,0,0,0,0,0,0,0,0,0,0,0,0,0,0,0,0,0,1,0,0,0,0,0,0,0,0,0,0,0,0,0,0,0,0,0,0,0,0,0,0,0,0,6366.24,0,0,0,0,0,0,0.04,254.6496,1,6366.24
ET309537,0,0,0,0,0,0,0,0,0,0,0,0,0,1,0,0,0,1,0,0,0,0,0,0,0,0,0,0,0,0,0,0,0,0,0,0,0,0,5900,0,0,0,5900,0,0,0,0,0,0,0,0.08,472,2,11800
FA-55160-1030,0,0,0,0,0,0,0,0,0,0,0,8,0,0,1,2,9,5,5,11,6,1,3,4,5,0,0,0,0,0,0,0,0,0,0,0,7600,0,0,950,1900,8550,4750,4750,10450,5700,950,2850,3800,4750,2.4,2280,60,57000
FG13160-0615-1S,0,0,0,0,0,0,0,0,2,0,0,0,0,0,0,0,0,0,2,0,2,0,5,1,1,0,0,0,0,0,0,0,0,1900,0,0,0,0,0,0,0,0,0,1900,0,1900,0,4750,950,950,0.52,494,13,12350
FG15150-0615-1S,0,0,0,0,0,0,0,0,3,0,0,0,0,3,0,7,0,0,1,5,1,2,2,0,2,0,0,0,0,0,0,0,0,2850,0,0,0,0,2850,0,6650,0,0,950,4750,950,1900,1900,0,1900,1.04,988,26,24700
FG15150-0630-1S,0,0,0,0,0,0,0,0,0,0,0,0,0,0,0,0,0,0,1,0,0,0,0,0,0,0,0,0,0,0,0,0,0,0,0,0,0,0,0,0,0,0,0,1265,0,0,0,0,0,0,0.04,50.6,1,1265
FG15160-0615-1S,0,0,0,0,0,0,0,0,0,0,0,0,0,2,0,0,2,1,0,1,0,0,0,0,8,0,0,0,0,0,0,0,0,0,0,0,0,0,1900,0,0,1900,950,0,950,0,0,0,0,7600,0.56,532,14,13300
FG19120-1030-1S,0,0,0,0,0,0,0,0,0,0,0,1,0,2,0,0,0,0,0,0,0,0,1,1,1,0,0,0,0,0,0,0,0,0,0,0,1550,0,3100,0,0,0,0,0,0,0,0,1550,1550,1550,0.24,372,6,9300
FREDX2513,0,0,0,0,0,0,0,0,0,0,0,0,0,0,0,1,0,0,0,0,0,0,0,0,0,0,0,0,0,0,0,0,0,0,0,0,0,0,0,0,13856,0,0,0,0,0,0,0,0,0,0.04,554.24,1,13856
FREDX4515,0,0,0,0,0,0,0,0,0,0,0,0,0,1,0,0,0,0,0,0,1,0,0,0,0,0,0,0,0,0,0,0,0,0,0,0,0,0,12560,0,0,0,0,0,0,12560,0,0,0,0,0.08,1004.8,2,25120
FREDX4520,0,0,0,0,0,0,0,0,0,0,0,0,0,0,0,0,1,0,0,0,0,0,0,0,0,0,0,0,0,0,0,0,0,0,0,0,0,0,0,0,0,12560,0,0,0,0,0,0,0,0,0.04,502.4,1,12560
FREDX4525,0,0,0,0,0,0,0,0,0,0,0,0,0,0,0,0,0,0,0,0,1,0,0,0,0,0,0,0,0,0,0,0,0,0,0,0,0,0,0,0,0,0,0,0,0,12560,0,0,0,0,0.04,502.4,1,12560
FREDX4534,0,0,0,0,0,0,0,0,0,0,0,0,0,0,0,0,0,0,0,0,0,0,0,0,1,0,0,0,0,0,0,0,0,0,0,0,0,0,0,0,0,0,0,0,0,0,0,0,0,12560,0.04,502.4,1,12560
FREDX5026,0,0,0,0,0,0,0,0,0,0,0,0,0,1,1,0,0,0,0,0,0,0,0,0,0,0,0,0,0,0,0,0,0,0,0,0,0,0,12560,12560,0,0,0,0,0,0,0,0,0,0,0.08,1004.8,2,25120
FREDX5036,0,0,0,0,0,0,0,0,0,0,0,0,0,1,0,0,0,0,0,0,0,0,0,0,0,0,0,0,0,0,0,0,0,0,0,0,0,0,12560,0,0,0,0,0,0,0,0,0,0,0,0.04,502.4,1,12560
G00219,0,0,0,0,0,0,0,0,0,0,0,0,0,0,0,0,0,0,0,0,0,0,0,0,20,0,0,0,0,0,0,0,0,0,0,0,0,0,0,0,0,0,0,0,0,0,0,0,0,83.6,0.8,3.344,20,83.6
G05197,0,0,0,0,0,0,0,0,0,0,0,0,0,0,0,0,0,0,0,0,0,0,50,0,0,0,0,0,0,0,0,0,0,0,0,0,0,0,0,0,0,0,0,0,0,0,0,2626.5,0,0,2,105.06,50,2626.5
G05976,0,0,0,0,0,0,0,0,0,0,0,0,0,0,0,0,1,0,0,0,0,0,0,0,0,0,0,0,0,0,0,0,0,0,0,0,0,0,0,0,0,110,0,0,0,0,0,0,0,0,0.04,4.4,1,110
G06299,0,0,0,0,0,0,0,0,0,0,0,0,0,0,0,0,0,0,0,0,0,0,0,0,10,0,0,0,0,0,0,0,0,0,0,0,0,0,0,0,0,0,0,0,0,0,0,0,0,169.6,0.4,6.784,10,169.6
G07369,0,0,0,0,0,0,0,0,0,0,0,0,0,0,0,0,0,0,0,0,0,0,0,0,1,0,0,0,0,0,0,0,0,0,0,0,0,0,0,0,0,0,0,0,0,0,0,0,0,50.72,0.04,2.0288,1,50.72
G08420,0,0,0,0,0,0,0,0,0,0,0,0,0,0,0,0,0,0,0,0,1,0,1,0,1,0,0,0,0,0,0,0,0,0,0,0,0,0,0,0,0,0,0,0,0,122.2,0,122.2,0,122.2,0.12,14.664000000000001,3,366.6
G08582,0,0,0,0,0,0,0,0,0,0,0,0,1,0,0,0,0,0,0,0,0,0,0,0,1,0,0,0,0,0,0,0,0,0,0,0,0,122.2,0,0,0,0,0,0,0,0,0,0,0,122.2,0.08,9.776,2,244.4
G08677,0,0,0,0,0,0,0,0,0,0,0,0,0,0,0,0,0,0,0,0,1,0,0,0,0,0,0,0,0,0,0,0,0,0,0,0,0,0,0,0,0,0,0,0,0,122.2,0,0,0,0,0.04,4.888,1,122.2
G09312,0,0,0,0,0,0,0,0,0,0,0,0,0,0,0,0,0,0,0,0,0,0,0,1,0,0,0,0,0,0,0,0,0,0,0,0,0,0,0,0,0,0,0,0,0,0,0,0,122.2,0,0.04,4.888,1,122.2
G09548,0,0,0,0,0,0,0,0,0,0,0,0,0,0,0,0,0,0,0,0,2,0,0,0,0,0,0,0,0,0,0,0,0,0,0,0,0,0,0,0,0,0,0,0,0,244.4,0,0,0,0,0.08,9.776,2,244.4
G13033,0,0,0,0,0,0,0,0,0,0,0,0,0,0,0,2,0,0,0,0,0,0,0,0,0,0,0,0,0,0,0,0,0,0,0,0,0,0,0,0,188.8,0,0,0,0,0,0,0,0,0,0.08,7.5520000000000005,2,188.8
G13287,0,0,0,0,0,0,0,0,0,0,0,0,0,0,0,3,0,0,0,0,0,0,0,0,0,0,0,0,0,0,0,0,0,0,0,0,0,0,0,0,877.8,0,0,0,0,0,0,0,0,0,0.12,35.111999999999995,3,877.8
G23653,0,0,0,0,0,0,0,0,0,0,0,0,0,0,0,0,1,0,0,0,0,0,0,0,0,0,0,0,0,0,0,0,0,0,0,0,0,0,0,0,0,4177,0,0,0,0,0,0,0,0,0.04,167.08,1,4177
G29769,0,0,0,0,0,0,0,0,0,0,0,0,0,0,0,0,0,0,2,0,0,0,0,0,0,0,0,0,0,0,0,0,0,0,0,0,0,0,0,0,0,0,0,972.2,0,0,0,0,0,0,0.08,38.888000000000005,2,972.2
G30009,0,0,0,0,0,0,0,0,0,0,0,0,0,0,0,0,0,0,0,1,0,0,0,0,0,0,0,0,0,0,0,0,0,0,0,0,0,0,0,0,0,0,0,0,133.52,0,0,0,0,0,0.04,5.340800000000001,1,133.52
G31138,0,0,0,0,0,0,0,0,0,0,0,0,0,7,9,19,4,21,10,10,10,10,5,6,5,0,0,0,0,0,0,0,0,0,0,0,0,0,854.91,1099.17,2320.47,488.52,2564.73,1221.3,1221.3,1221.3,1221.3,610.65,732.78,610.65,4.64,566.6831999999998,116,14167.08
G47001,0,0,0,0,0,0,0,0,0,0,0,0,0,0,0,0,1,2,0,0,0,0,1,0,0,0,0,0,0,0,0,0,0,0,0,0,0,0,0,0,0,105,210,0,0,0,0,105,0,0,0.16,16.8,4,420
G47034,0,0,0,0,0,0,0,0,0,0,0,2,0,0,0,0,0,0,0,1,0,0,0,0,0,0,0,0,0,0,0,0,0,0,0,0,180,0,0,0,0,0,0,0,105,0,0,0,0,0,0.12,11.4,3,285
G47095,0,0,0,0,0,0,0,0,0,0,0,0,2,0,0,0,0,0,0,0,0,0,0,0,0,0,0,0,0,0,0,0,0,0,0,0,0,180,0,0,0,0,0,0,0,0,0,0,0,0,0.08,7.2,2,180
G47338,0,0,0,0,0,0,0,0,0,0,0,0,0,0,0,0,0,0,2,0,0,0,0,0,0,0,0,0,0,0,0,0,0,0,0,0,0,0,0,0,0,0,0,151.92,0,0,0,0,0,0,0.08,6.0767999999999995,2,151.92
G47339,0,0,0,0,0,0,0,0,0,0,0,0,0,0,0,0,0,0,1,0,0,0,0,0,0,0,0,0,0,0,0,0,0,0,0,0,0,0,0,0,0,0,0,75.96,0,0,0,0,0,0,0.04,3.0383999999999998,1,75.96
G47341,0,0,0,0,0,0,0,0,0,0,0,0,0,0,0,0,0,0,2,0,0,0,0,0,0,0,0,0,0,0,0,0,0,0,0,0,0,0,0,0,0,0,0,151.92,0,0,0,0,0,0,0.08,6.0767999999999995,2,151.92
G47416,0,0,0,0,0,0,0,0,0,0,0,0,0,0,0,0,0,0,2,0,0,0,0,0,0,0,0,0,0,0,0,0,0,0,0,0,0,0,0,0,0,0,0,164.58,0,0,0,0,0,0,0.08,6.583200000000001,2,164.58
G47417,0,0,0,0,0,0,0,0,0,0,0,0,0,0,0,0,0,0,3,0,0,0,0,0,0,0,0,0,0,0,0,0,0,0,0,0,0,0,0,0,0,0,0,246.87,0,0,0,0,0,0,0.12,9.8748,3,246.87
G47419,0,0,0,0,0,0,0,0,0,0,0,0,0,0,0,0,0,0,2,0,0,0,0,0,0,0,0,0,0,0,0,0,0,0,0,0,0,0,0,0,0,0,0,222.34,0,0,0,0,0,0,0.08,8.8936,2,222.34
G60504,0,0,0,0,0,0,0,0,0,0,0,0,0,0,0,0,0,0,0,0,0,0,0,1,0,0,0,0,0,0,0,0,0,0,0,0,0,0,0,0,0,0,0,0,0,0,0,0,3239.1,0,0.04,129.564,1,3239.1
G60510,0,0,0,0,0,0,0,0,0,0,0,0,0,0,0,0,0,0,0,0,0,0,0,1,0,0,0,0,0,0,0,0,0,0,0,0,0,0,0,0,0,0,0,0,0,0,0,0,3239.1,0,0.04,129.564,1,3239.1
G60513,0,0,0,0,0,0,0,0,0,0,0,0,0,0,0,0,0,0,0,0,0,0,0,1,0,0,0,0,0,0,0,0,0,0,0,0,0,0,0,0,0,0,0,0,0,0,0,0,3239.1,0,0.04,129.564,1,3239.1
GLM910025,0,0,0,0,0,0,0,0,0,0,0,0,1,0,0,0,0,0,0,0,0,0,0,0,0,0,0,0,0,0,0,0,0,0,0,0,0,1226.11,0,0,0,0,0,0,0,0,0,0,0,0,0.04,49.044399999999996,1,1226.11
GLM910030,0,0,0,0,0,0,0,0,0,0,0,0,0,0,0,0,0,0,0,1,0,0,0,0,0,0,0,0,0,0,0,0,0,0,0,0,0,0,0,0,0,0,0,0,1355.38,0,0,0,0,0,0.04,54.2152,1,1355.38
GLM915020,0,0,0,0,0,0,0,0,0,0,0,0,0,0,0,0,3,0,0,0,0,0,0,0,0,0,0,0,0,0,0,0,0,0,0,0,0,0,0,0,0,3678.33,0,0,0,0,0,0,0,0,0.12,147.1332,3,3678.33
GLM915030,0,0,0,0,0,0,0,0,0,0,0,0,0,0,0,0,1,0,0,0,0,0,0,0,0,0,0,0,0,0,0,0,0,0,0,0,0,0,0,0,0,1226.11,0,0,0,0,0,0,0,0,0.04,49.044399999999996,1,1226.11
GLM915040,0,0,0,0,0,0,0,0,0,0,0,0,0,0,0,0,2,0,0,0,0,0,0,0,0,0,0,0,0,0,0,0,0,0,0,0,0,0,0,0,0,2710.76,0,0,0,0,0,0,0,0,0.08,108.4304,2,2710.76
GLM920030,0,0,0,0,0,0,0,0,0,0,0,0,0,0,0,0,0,0,0,0,0,0,1,0,0,0,0,0,0,0,0,0,0,0,0,0,0,0,0,0,0,0,0,0,0,0,0,1226.11,0,0,0.04,49.044399999999996,1,1226.11
GLM925035,0,0,0,0,0,0,0,0,0,0,0,0,0,0,0,0,1,0,0,0,0,0,0,0,0,0,0,0,0,0,0,0,0,0,0,0,0,0,0,0,0,1226.11,0,0,0,0,0,0,0,0,0.04,49.044399999999996,1,1226.11
GLM925045,0,0,0,0,0,0,0,0,0,0,0,0,0,0,0,0,0,0,0,0,0,0,1,0,0,0,0,0,0,0,0,0,0,0,0,0,0,0,0,0,0,0,0,0,0,0,0,1226.11,0,0,0.04,49.044399999999996,1,1226.11
GLM930040,0,0,0,0,0,0,0,0,0,0,0,0,0,0,0,0,1,1,0,0,0,0,0,0,0,0,0,0,0,0,0,0,0,0,0,0,0,0,0,0,0,1226.11,1355.38,0,0,0,0,0,0,0,0.08,103.25959999999999,2,2581.49
GLM930080,0,0,0,0,0,0,0,0,0,0,0,0,0,0,0,3,0,0,0,3,0,0,0,0,0,0,0,0,0,0,0,0,0,0,0,0,0,0,0,0,3678.33,0,0,0,4066.14,0,0,0,0,0,0.24,309.7788,6,7744.469999999999
GM1221,0,0,0,0,0,0,0,0,0,0,0,0,2,9,4,2,4,5,0,7,8,3,4,3,6,0,0,0,0,0,0,0,0,0,0,0,0,526.72,2370.2400000000002,1053.44,526.72,1053.44,1316.8000000000002,0,1843.52,2106.88,790.08,1053.44,790.08,1580.16,2.28,600.4608,57,15011.52
GM1222,0,0,0,0,0,0,0,0,0,0,0,0,5,5,0,0,6,1,0,2,2,0,7,1,1,0,0,0,0,0,0,0,0,0,0,0,0,1316.8000000000002,1316.8,0,0,1580.1599999999999,263.36,0,526.72,470,0,1843.52,263.36,263.36,1.2,313.7632,30,7844.08
GM1224,0,0,0,0,0,0,0,0,0,0,0,0,3,6,0,0,1,0,0,0,0,0,0,0,2,0,0,0,0,0,0,0,0,0,0,0,0,790.08,1580.16,0,0,263.36,0,0,0,0,0,0,0,470,0.48,124.14400000000002,12,3103.6
GM1621,0,0,0,0,0,0,0,0,0,0,0,0,0,0,0,0,4,0,0,2,0,1,0,2,1,0,0,0,0,0,0,0,0,0,0,0,0,0,0,0,0,1053.44,0,0,526.72,0,263.36,0,526.72,263.36,0.4,105.344,10,2633.6000000000004
GM1622,0,0,0,0,0,0,0,0,0,0,0,0,0,0,0,0,0,2,0,2,0,3,0,0,0,0,0,0,0,0,0,0,0,0,0,0,0,0,0,0,0,0,526.72,0,526.72,0,790.08,0,0,0,0.28,73.7408,7,1843.52
GM1624,0,0,0,0,0,0,0,0,0,0,0,0,0,1,0,0,4,0,0,2,0,4,0,0,1,0,0,0,0,0,0,0,0,0,0,0,0,0,263.36,0,0,1053.44,0,0,526.72,0,1053.44,0,0,263.36,0.48,126.4128,12,3160.32
GPL2-0830H,0,0,0,0,0,0,0,0,0,0,0,0,0,0,0,0,0,0,0,0,1,0,0,0,0,0,0,0,0,0,0,0,0,0,0,0,0,0,0,0,0,0,0,0,0,250,0,0,0,0,0.04,10,1,250
GPL2-1030H,0,0,0,0,0,0,0,0,0,0,0,0,0,0,0,0,0,0,0,0,1,0,0,0,0,0,0,0,0,0,0,0,0,0,0,0,0,0,0,0,0,0,0,0,0,250,0,0,0,0,0.04,10,1,250
GR3506,0,0,0,0,0,0,0,0,0,0,0,0,0,0,0,50,0,0,0,0,0,0,0,0,0,0,0,0,0,0,0,0,0,0,0,0,0,0,0,0,7240.5,0,0,0,0,0,0,0,0,0,2,289.62,50,7240.5
GR3508,0,0,0,0,0,0,0,0,0,0,0,0,0,0,0,30,0,0,0,0,0,0,0,0,0,0,0,0,0,0,0,0,0,0,0,0,0,0,0,0,5832,0,0,0,0,0,0,0,0,0,1.2,233.28,30,5832
GR3509,0,0,0,0,0,0,0,0,0,0,0,0,0,0,1,1,0,1,0,2,1,0,0,2,0,0,0,0,0,0,0,0,0,0,0,0,0,0,0,241.5,241.5,0,241.5,0,483,241.5,0,0,483,0,0.32,77.28,8,1932
GR3525,0,0,0,0,0,0,0,0,0,0,0,0,0,0,0,0,0,0,1,0,0,0,1,0,0,0,0,0,0,0,0,0,0,0,0,0,0,0,0,0,0,0,0,216,0,0,0,216,0,0,0.08,17.28,2,432
GR3806,0,0,0,0,0,0,0,0,0,0,0,0,0,1,0,0,2,1,0,0,3,0,0,0,0,0,0,0,0,0,0,0,0,0,0,0,0,0,160.9,0,0,321.8,160.9,0,0,482.70000000000005,0,0,0,0,0.28,45.05200000000001,7,1126.3
GR3809,0,0,0,0,0,0,0,0,0,0,0,0,2,0,0,1,0,1,1,2,1,0,0,2,1,0,0,0,0,0,0,0,0,0,0,0,0,483,0,0,241.5,0,241.5,241.5,483,241.5,0,0,483,241.5,0.44,106.26,11,2656.5
GS3506,0,0,0,0,0,0,0,0,0,0,0,0,0,0,0,20,0,0,0,0,0,0,0,0,0,0,0,0,0,0,0,0,0,0,0,0,0,0,0,0,4422.6,0,0,0,0,0,0,0,0,0,0.8,176.90400000000002,20,4422.6
GS3508,0,0,0,0,0,0,0,0,0,0,0,0,0,0,0,10,0,0,0,0,0,0,0,0,0,0,0,0,0,0,0,0,0,0,0,0,0,0,0,0,2289.2,0,0,0,0,0,0,0,0,0,0.4,91.568,10,2289.2
GW0721006M,0,0,0,0,0,0,0,0,0,0,0,0,0,0,0,0,0,0,3,0,0,0,1,0,0,0,0,0,0,0,0,0,0,0,0,0,0,0,0,0,0,0,0,1875,0,0,0,625,0,0,0.16,100,4,2500
GW1420040X,0,0,0,0,0,0,0,0,0,0,0,0,0,10,0,10,12,10,17,12,4,0,4,14,17,0,0,0,0,0,0,0,0,0,0,0,0,0,3600,0,3600,4320,3600,6120,4320,1440,0,1440,5040,6120,4.4,1584,110,39600
H74939171050670,0,0,0,0,0,0,0,0,0,0,0,0,0,0,0,0,0,0,0,0,0,0,0,0,1,0,0,0,0,0,0,0,0,0,0,0,0,0,0,0,0,0,0,0,0,0,0,0,0,250,0.04,10,1,250
H74939171060670,0,0,0,0,0,0,0,0,0,0,0,0,0,0,0,0,0,0,1,0,0,0,0,0,0,0,0,0,0,0,0,0,0,0,0,0,0,0,0,0,0,0,0,250,0,0,0,0,0,0,0.04,10,1,250
H74939171100670,0,0,0,0,0,0,0,0,0,0,0,0,0,0,1,0,0,0,0,0,0,0,0,0,0,0,0,0,0,0,0,0,0,0,0,0,0,0,0,250,0,0,0,0,0,0,0,0,0,0,0.04,10,1,250
H7493918908200,0,0,0,0,0,0,0,0,0,0,0,0,0,2,0,0,0,0,0,0,0,0,1,0,0,0,0,0,0,0,0,0,0,0,0,0,0,0,200,0,0,0,0,0,0,0,0,100,0,0,0.12,12,3,300
H7493918912200,0,0,0,0,0,0,0,0,0,0,0,0,0,0,0,0,1,0,0,0,0,0,0,0,0,0,0,0,0,0,0,0,0,0,0,0,0,0,0,0,0,100,0,0,0,0,0,0,0,0,0.04,4,1,100
H7493918912250,0,0,0,0,0,0,0,0,0,0,0,0,0,0,0,0,0,1,0,0,0,0,0,0,1,0,0,0,0,0,0,0,0,0,0,0,0,0,0,0,0,0,100,0,0,0,0,0,0,100,0.08,8,2,200
H7493918915350,0,0,0,0,0,0,0,0,0,0,0,0,0,0,0,0,1,0,0,0,0,0,0,0,0,0,0,0,0,0,0,0,0,0,0,0,0,0,0,0,0,105,0,0,0,0,0,0,0,0,0.04,4.2,1,105
H7493918915400,0,0,0,0,0,0,0,0,0,0,0,0,0,0,0,0,0,0,0,0,0,1,0,0,0,0,0,0,0,0,0,0,0,0,0,0,0,0,0,0,0,0,0,0,0,0,105,0,0,0,0.04,4.2,1,105
H7493919012150,0,0,0,0,0,0,0,0,0,0,0,0,0,0,0,0,0,1,0,0,0,0,0,0,0,0,0,0,0,0,0,0,0,0,0,0,0,0,0,0,0,0,100,0,0,0,0,0,0,0,0.04,4,1,100
H7493926712450,0,0,0,0,0,0,0,0,0,0,0,0,0,0,0,0,1,0,0,0,0,0,0,0,0,0,0,0,0,0,0,0,0,0,0,0,0,0,0,0,0,100,0,0,0,0,0,0,0,0,0.04,4,1,100
H7493926715220,0,0,0,0,0,0,0,0,0,0,0,0,0,0,0,0,0,0,1,0,0,0,0,0,0,0,0,0,0,0,0,0,0,0,0,0,0,0,0,0,0,0,0,100,0,0,0,0,0,0,0.04,4,1,100
H7493926715400,0,0,0,0,0,0,0,0,0,0,0,0,0,0,1,0,0,0,0,0,0,0,0,0,0,0,0,0,0,0,0,0,0,0,0,0,0,0,0,100,0,0,0,0,0,0,0,0,0,0,0.04,4,1,100
H7493926720250,0,0,0,0,0,0,0,0,0,0,0,0,0,0,0,1,0,0,0,0,0,0,0,0,0,0,0,0,0,0,0,0,0,0,0,0,0,0,0,0,100,0,0,0,0,0,0,0,0,0,0.04,4,1,100
H7493926720300,0,0,0,0,0,0,0,0,0,0,0,0,0,0,1,0,0,0,0,0,0,0,0,0,0,0,0,0,0,0,0,0,0,0,0,0,0,0,0,100,0,0,0,0,0,0,0,0,0,0,0.04,4,1,100
H7493926720350,0,0,0,0,0,0,0,0,0,0,0,0,0,0,1,0,0,0,0,0,0,0,0,0,2,0,0,0,0,0,0,0,0,0,0,0,0,0,0,100,0,0,0,0,0,0,0,0,0,200,0.12,12,3,300
H7493926720550,0,0,0,0,0,0,0,0,0,0,0,0,0,0,0,0,0,0,0,0,0,0,1,0,0,0,0,0,0,0,0,0,0,0,0,0,0,0,0,0,0,0,0,0,0,0,0,100,0,0,0.04,4,1,100
H7493941812300,0,0,0,0,0,0,0,0,0,0,0,0,0,0,0,0,0,0,0,0,0,0,0,0,1,0,0,0,0,0,0,0,0,0,0,0,0,0,0,0,0,0,0,0,0,0,0,0,0,700,0.04,28,1,700
H7493941812350,0,0,0,0,0,0,0,0,0,0,0,0,0,0,0,0,0,0,0,0,1,0,0,0,0,0,0,0,0,0,0,0,0,0,0,0,0,0,0,0,0,0,0,0,0,700,0,0,0,0,0.04,28,1,700
H7493941824250,0,0,0,0,0,0,0,0,0,0,0,0,0,0,0,1,0,0,0,0,0,0,0,0,0,0,0,0,0,0,0,0,0,0,0,0,0,0,0,0,700,0,0,0,0,0,0,0,0,0,0.04,28,1,700
H787107343015,0,0,0,0,0,0,0,0,0,0,0,0,0,0,0,0,0,0,0,0,2,0,0,0,0,0,0,0,0,0,0,0,0,0,0,0,0,0,0,0,0,0,0,0,0,191.4,0,0,0,0,0.08,7.656000000000001,2,191.4
H965457561,0,0,0,0,0,0,0,0,0,0,0,0,0,1,2,4,3,6,1,3,3,2,3,2,2,0,0,0,0,0,0,0,0,0,0,0,0,0,194,407.4,814.8,611.1,1222.2,203.7,611.1,611.1,407.4,611.0999999999999,407.4,407.4,1.28,260.34799999999996,32,6508.7
HYBRID007D,0,0,0,0,0,0,0,0,0,0,0,0,0,0,0,2,0,0,0,0,1,1,7,0,3,0,0,0,0,0,0,0,0,0,0,0,0,0,0,0,1300,0,0,0,0,650,650,4550,0,1950,0.56,364,14,9100
HYBRID007J,0,0,0,0,0,0,0,0,0,0,0,0,0,0,0,0,1,0,0,0,0,0,2,0,4,0,0,0,0,0,0,0,0,0,0,0,0,0,0,0,0,680,0,0,0,0,0,1360,0,2720,0.28,190.4,7,4760
HYBRID1214D,0,0,0,0,0,0,0,0,0,0,0,0,0,12,0,0,0,0,0,0,0,0,0,0,0,0,0,0,0,0,0,0,0,0,0,0,0,0,5640,0,0,0,0,0,0,0,0,0,0,0,0.48,225.6,12,5640
HYBRID1214DA,0,0,0,0,0,0,0,0,0,0,0,0,0,0,0,0,0,1,0,1,2,1,0,0,4,0,0,0,0,0,0,0,0,0,0,0,0,0,0,0,0,0,495,0,495,990,495,0,0,1980,0.36,178.2,9,4455
ID-1-5,0,0,0,0,0,0,0,0,0,0,0,0,0,0,0,0,0,0,0,0,1,0,0,1,0,0,0,0,0,0,0,0,0,0,0,0,0,0,0,0,0,0,0,0,0,243,0,0,243,0,0.08,19.44,2,486
IN7130,0,0,0,0,0,0,0,0,0,0,0,0,0,0,0,0,0,0,2,0,2,0,0,0,0,0,0,0,0,0,0,0,0,0,0,0,0,0,0,0,0,0,0,442.3,0,442.3,0,0,0,0,0.16,35.384,4,884.6
ISC5115ST,0,0,0,0,0,0,0,0,0,0,0,0,0,6,0,1,2,1,0,1,3,0,1,0,5,0,0,0,0,0,0,0,0,0,0,0,0,0,11730,0,1955,3910,1955,0,1955,5865,0,1955,0,9775,0.8,1564,20,39100
IVL10CS,0,0,0,0,0,0,0,0,0,0,0,0,0,0,0,0,0,0,0,0,0,0,1,0,0,0,0,0,0,0,0,0,0,0,0,0,0,0,0,0,0,0,0,0,0,0,0,60,0,0,0.04,2.4,1,60
KSAW-6.0-38-80-RB-SH,0,0,0,0,0,0,0,0,0,0,0,0,0,0,0,8,0,0,0,1,0,0,3,0,2,0,0,0,0,0,0,0,0,0,0,0,0,0,0,0,1120.6,0,0,0,133.52,0,0,400.56,0,267.04,0.56,76.8688,14,1921.72
LP637,0,0,0,0,0,0,0,0,0,0,0,0,0,0,1,0,0,0,1,0,2,0,0,0,0,0,0,0,0,0,0,0,0,0,0,0,0,0,0,834,0,0,0,834,0,1668,0,0,0,0,0.16,133.44,4,3336
M001182880,0,0,0,0,0,0,0,0,0,0,0,0,0,0,0,0,0,0,0,0,0,10,0,0,0,0,0,0,0,0,0,0,0,0,0,0,0,0,0,0,0,0,0,0,0,0,3800,0,0,0,0.4,152,10,3800
M001207030,0,0,0,0,0,0,0,0,0,0,0,0,0,0,0,0,0,0,0,0,4,0,0,0,0,0,0,0,0,0,0,0,0,0,0,0,0,0,0,0,0,0,0,0,0,348,0,0,0,0,0.16,13.92,4,348
M001271380,0,0,0,0,0,0,0,0,0,0,0,0,0,0,0,0,0,0,0,0,5,0,0,0,0,0,0,0,0,0,0,0,0,0,0,0,0,0,0,0,0,0,0,0,0,405,0,0,0,0,0.2,16.2,5,405
M001271390,0,0,0,0,0,0,0,0,0,0,0,0,0,0,0,0,0,2,0,0,4,0,0,0,0,0,0,0,0,0,0,0,0,0,0,0,0,0,0,0,0,0,162,0,0,324,0,0,0,0,0.24,19.44,6,486
M0014012160,0,0,0,0,0,0,0,0,0,0,0,0,0,0,0,0,0,0,1,0,0,0,0,0,0,0,0,0,0,0,0,0,0,0,0,0,0,0,0,0,0,0,0,189,0,0,0,0,0,0,0.04,7.56,1,189
M001442011,0,0,0,0,0,0,0,0,0,0,0,0,0,0,0,4,0,0,0,0,0,0,0,0,0,0,0,0,0,0,0,0,0,0,0,0,0,0,0,0,448,0,0,0,0,0,0,0,0,0,0.16,17.92,4,448
M001468520,0,0,0,0,0,0,0,0,0,0,0,0,0,0,1,0,0,0,0,0,0,0,0,0,1,0,0,0,0,0,0,0,0,0,0,0,0,0,0,97,0,0,0,0,0,0,0,0,0,97,0.08,7.76,2,194
M001468540,0,0,0,0,0,0,0,0,0,0,0,0,0,0,0,1,0,0,0,0,0,0,0,0,0,0,0,0,0,0,0,0,0,0,0,0,0,0,0,0,97,0,0,0,0,0,0,0,0,0,0.04,3.88,1,97
M001491761,0,0,0,0,0,0,0,0,0,0,0,0,0,1,0,2,2,1,1,2,0,1,0,0,1,0,0,0,0,0,0,0,0,0,0,0,0,0,159,0,318,318,159,159,318,0,159,0,0,159,0.44,69.96,11,1749
M001509100,0,0,0,0,0,0,0,0,0,0,0,0,0,0,0,0,0,0,0,0,0,20,0,0,0,0,0,0,0,0,0,0,0,0,0,0,0,0,0,0,0,0,0,0,0,0,6500,0,0,0,0.8,260,20,6500
M001719010,0,0,0,0,0,0,0,0,0,0,0,0,0,0,1,1,0,1,0,0,0,0,0,0,0,0,0,0,0,0,0,0,0,0,0,0,0,0,0,2625,2625,0,2625,0,0,0,0,0,0,0,0.12,315,3,7875
M001719020,0,0,0,0,0,0,0,0,0,0,0,0,0,1,2,0,1,0,0,0,1,0,1,0,2,0,0,0,0,0,0,0,0,0,0,0,0,0,2625,5250,0,2625,0,0,0,2625,0,2625,0,5250,0.32,840,8,21000
M001719030,0,0,0,0,0,0,0,0,0,0,0,0,0,2,3,4,1,2,0,0,0,0,6,0,1,0,0,0,0,0,0,0,0,0,0,0,0,0,5250,7875,10500,2625,5250,0,0,0,0,15750,0,2625,0.76,1995,19,49875
M001719050,0,0,0,0,0,0,0,0,0,0,0,0,0,0,0,0,0,0,0,0,0,1,0,0,0,0,0,0,0,0,0,0,0,0,0,0,0,0,0,0,0,0,0,0,0,0,2311.6,0,0,0,0.04,92.464,1,2311.6
M001719060,0,0,0,0,0,0,0,0,0,0,0,0,0,0,0,0,0,0,0,0,1,0,0,0,0,0,0,0,0,0,0,0,0,0,0,0,0,0,0,0,0,0,0,0,0,2625,0,0,0,0,0.04,105,1,2625
M0031681890,0,0,0,0,0,0,0,0,0,0,0,0,1,4,3,0,6,0,1,3,9,0,0,7,8,0,0,0,0,0,0,0,0,0,0,0,0,1257,5160,3903,0,7806,0,1301,3903,11709,0,0,9332,10768,1.68,2205.56,42,55139
M0031681900,0,0,0,0,0,0,0,0,0,0,0,0,1,14,2,2,7,1,3,10,2,4,8,3,10,0,0,0,0,0,0,0,0,0,0,0,0,1257,18126,2602,2602,9107,1301,3903,13010,2602,5204,10408,3948,13460,2.68,3501.2,67,87530
M0031681910,0,0,0,0,0,0,0,0,0,0,0,0,1,0,0,0,3,5,0,0,0,0,0,0,1,0,0,0,0,0,0,0,0,0,0,0,0,1257,0,0,0,3859,6505,0,0,0,0,0,0,1346,0.4,518.68,10,12967
M0031681920,0,0,0,0,0,0,0,0,0,0,0,0,0,0,0,0,0,0,1,0,0,0,0,0,0,0,0,0,0,0,0,0,0,0,0,0,0,0,0,0,0,0,0,1257,0,0,0,0,0,0,0.04,50.28,1,1257
M0031681940,0,0,0,0,0,0,0,0,0,0,0,0,0,0,0,0,0,0,1,0,0,0,0,0,0,0,0,0,0,0,0,0,0,0,0,0,0,0,0,0,0,0,0,1257,0,0,0,0,0,0,0.04,50.28,1,1257
M00326010,0,0,0,0,0,0,0,0,0,0,0,0,0,2,1,0,5,1,2,1,5,1,0,0,0,0,0,0,0,0,0,0,0,0,0,0,0,0,1515,771,0,3855,771,1542,771,3855,771,0,0,0,0.72,554.04,18,13851
M0034212421,0,0,0,0,0,0,0,0,0,0,0,0,0,10,0,10,20,0,8,10,0,0,0,0,0,0,0,0,0,0,0,0,0,0,0,0,0,0,2730,0,2780,5560,0,2224,2780,0,0,0,0,0,2.32,642.96,58,16074
M003UZAS40210,0,0,0,0,0,0,0,0,0,0,0,0,0,1,0,0,1,0,1,1,1,0,1,0,2,0,0,0,0,0,0,0,0,0,0,0,0,0,9432,0,0,9763,0,9763,9763,9763,0,9763,0,19946,0.32,3127.72,8,78193
M003UZAS40240,0,0,0,0,0,0,0,0,0,0,0,0,0,0,0,0,0,0,0,0,1,0,0,0,1,0,0,0,0,0,0,0,0,0,0,0,0,0,0,0,0,0,0,0,0,9432,0,0,0,9763,0.08,767.8,2,19195
M003UZAS45210,0,0,0,0,0,0,0,0,0,0,0,0,0,0,0,0,0,0,1,0,0,0,0,1,1,0,0,0,0,0,0,0,0,0,0,0,0,0,0,0,0,0,0,9432,0,0,0,0,10183,10183,0.12,1191.92,3,29798
M003UZAS45300,0,0,0,0,0,0,0,0,0,0,0,0,0,2,0,0,0,0,0,0,1,0,0,0,2,0,0,0,0,0,0,0,0,0,0,0,0,0,19195,0,0,0,0,0,0,9763,0,0,0,20366,0.2,1972.96,5,49324
M5PIVL5060,0,0,0,0,0,0,0,0,0,0,0,0,0,0,0,0,0,0,0,0,0,0,1,0,0,0,0,0,0,0,0,0,0,0,0,0,0,0,0,0,0,0,0,0,0,0,0,3450,0,0,0.04,138,1,3450
MA1.2FOLIVE,0,0,0,0,0,0,0,0,0,0,0,0,0,0,0,0,0,0,0,0,0,0,6,0,0,0,0,0,0,0,0,0,0,0,0,0,0,0,0,0,0,0,0,0,0,0,0,7770,0,0,0.24,310.8,6,7770
MA1.5FOLIVEMP,0,0,0,0,0,0,0,0,0,0,0,0,0,0,0,0,0,0,0,0,0,4,0,4,0,0,0,0,0,0,0,0,0,0,0,0,0,0,0,0,0,0,0,0,0,0,5180,0,5180,0,0.32,414.4,8,10360
MAGIC1 2FM,0,0,0,0,0,0,0,0,0,0,0,0,0,3,0,4,5,0,0,0,0,0,0,0,0,0,0,0,0,0,0,0,0,0,0,0,0,0,3885,0,5180,6475,0,0,0,0,0,0,0,0,0.48,621.6,12,15540
MAGIC1.2F,0,0,0,0,0,0,0,0,0,0,0,0,0,1,0,0,3,0,0,0,0,0,0,0,0,0,0,0,0,0,0,0,0,0,0,0,0,0,1295,0,0,3885,0,0,0,0,0,0,0,0,0.16,207.2,4,5180
MAK-NV-009,0,0,0,0,0,0,0,0,0,0,0,0,0,0,0,0,0,0,0,0,1,0,0,0,0,0,0,0,0,0,0,0,0,0,0,0,0,0,0,0,0,0,0,0,0,750,0,0,0,0,0.04,30,1,750
MC172150SX,0,0,0,0,0,0,0,0,0,0,0,0,0,0,0,0,1,0,1,0,0,0,0,0,0,0,0,0,0,0,0,0,0,0,0,0,0,0,0,0,0,895,0,780,0,0,0,0,0,0,0.08,67,2,1675
MC212156S,0,0,0,0,0,0,0,0,0,0,0,0,0,0,0,1,0,0,0,0,0,0,0,0,0,0,0,0,0,0,0,0,0,0,0,0,0,0,0,0,1200,0,0,0,0,0,0,0,0,0,0.04,48,1,1200
MC2165S2U,0,0,0,0,0,0,0,0,0,0,0,0,0,0,0,0,0,3,0,0,0,0,0,0,0,0,0,0,0,0,0,0,0,0,0,0,0,0,0,0,0,0,2061.18,0,0,0,0,0,0,0,0.12,82.4472,3,2061.18
MC272156S,0,0,0,0,0,0,0,0,0,0,0,0,0,2,1,0,1,0,0,0,2,0,0,0,1,0,0,0,0,0,0,0,0,0,0,0,0,0,2800,1400,0,1400,0,0,0,2800,0,0,0,1400,0.28,392,7,9800
MSS031-DG,0,0,0,0,0,0,0,0,0,0,0,0,0,0,0,0,0,1,0,0,0,0,0,0,0,0,0,0,0,0,0,0,0,0,0,0,0,0,0,0,0,0,48.5,0,0,0,0,0,0,0,0.04,1.94,1,48.5
MSS031-LB,0,0,0,0,0,0,0,0,0,0,0,0,0,0,0,0,0,2,0,0,0,0,0,0,0,0,0,0,0,0,0,0,0,0,0,0,0,0,0,0,0,0,97,0,0,0,0,0,0,0,0.08,3.88,2,97
MSS031-PR,0,0,0,0,0,0,0,0,0,0,0,0,0,0,0,0,0,1,0,0,0,0,0,0,0,0,0,0,0,0,0,0,0,0,0,0,0,0,0,0,0,0,48.5,0,0,0,0,0,0,0,0.04,1.94,1,48.5
MSS061,0,0,0,0,0,0,0,0,0,0,0,0,0,0,0,0,0,2,0,0,0,0,0,0,0,0,0,0,0,0,0,0,0,0,0,0,0,0,0,0,0,0,97,0,0,0,0,0,0,0,0.08,3.88,2,97
MSS111-LB,0,0,0,0,0,0,0,0,0,0,0,0,0,0,0,0,0,0,0,0,2,0,0,0,0,0,0,0,0,0,0,0,0,0,0,0,0,0,0,0,0,0,0,0,0,97,0,0,0,0,0.08,3.88,2,97
MSS111-PR,0,0,0,0,0,0,0,0,0,0,0,0,0,0,0,0,0,1,0,0,0,0,0,0,0,0,0,0,0,0,0,0,0,0,0,0,0,0,0,0,0,0,48.5,0,0,0,0,0,0,0,0.04,1.94,1,48.5
MVP-7Q,0,0,0,0,0,0,0,0,0,0,0,0,0,0,0,1,0,0,0,0,0,0,0,0,0,0,0,0,0,0,0,0,0,0,0,0,0,0,0,0,1795,0,0,0,0,0,0,0,0,0,0.04,71.8,1,1795
ONYXNG20008UX,0,0,0,0,0,0,0,0,0,0,0,0,0,0,0,0,0,0,0,0,0,0,1,0,0,0,0,0,0,0,0,0,0,0,0,0,0,0,0,0,0,0,0,0,0,0,0,620,0,0,0.04,24.8,1,620
ONYXNG20012UX,0,0,0,0,0,0,0,0,0,0,0,0,0,0,1,0,0,0,0,0,0,1,0,0,0,0,0,0,0,0,0,0,0,0,0,0,0,0,0,620,0,0,0,0,0,0,620,0,0,0,0.08,49.6,2,1240
ONYXNG20015UX,0,0,0,0,0,0,0,0,0,0,0,0,0,0,0,0,0,0,0,0,1,0,0,0,0,0,0,0,0,0,0,0,0,0,0,0,0,0,0,0,0,0,0,0,0,620,0,0,0,0,0.04,24.8,1,620
ONYXNG27515UX,0,0,0,0,0,0,0,0,0,0,0,0,0,1,0,0,0,0,0,0,0,0,0,0,0,0,0,0,0,0,0,0,0,0,0,0,0,0,595,0,0,0,0,0,0,0,0,0,0,0,0.04,23.8,1,595
ONYXNG30015UX,0,0,0,0,0,0,0,0,0,0,0,0,0,0,0,0,0,0,0,0,0,0,0,0,1,0,0,0,0,0,0,0,0,0,0,0,0,0,0,0,0,0,0,0,0,0,0,0,0,595,0.04,23.8,1,595
ONYXNG30018UX,0,0,0,0,0,0,0,0,0,0,0,0,0,0,0,0,1,0,0,0,0,0,0,0,0,0,0,0,0,0,0,0,0,0,0,0,0,0,0,0,0,595,0,0,0,0,0,0,0,0,0.04,23.8,1,595
ONYXNG35015UX,0,0,0,0,0,0,0,0,0,0,0,0,0,0,0,0,0,1,0,0,1,0,0,0,0,0,0,0,0,0,0,0,0,0,0,0,0,0,0,0,0,0,595,0,0,595,0,0,0,0,0.08,47.6,2,1190
ONYXNG40038UX,0,0,0,0,0,0,0,0,0,0,0,0,0,0,0,0,0,0,0,0,0,0,1,0,0,0,0,0,0,0,0,0,0,0,0,0,0,0,0,0,0,0,0,0,0,0,0,595,0,0,0.04,23.8,1,595
OPTI0204CSS10,0,0,0,0,0,0,0,0,0,0,0,0,0,1,0,0,0,0,0,0,0,0,0,0,0,0,0,0,0,0,0,0,0,0,0,0,0,0,1500,0,0,0,0,0,0,0,0,0,0,0,0.04,60,1,1500
OPTI0206CSS10,0,0,0,0,0,0,0,0,0,0,0,0,0,1,0,0,0,0,0,0,0,0,0,0,0,0,0,0,0,0,0,0,0,0,0,0,0,0,1500,0,0,0,0,0,0,0,0,0,0,0,0.04,60,1,1500
OPTI0306CSS10,0,0,0,0,0,0,0,0,0,0,0,0,0,1,0,0,0,0,0,0,0,0,0,0,0,0,0,0,0,0,0,0,0,0,0,0,0,0,1500,0,0,0,0,0,0,0,0,0,0,0,0.04,60,1,1500
OPTI0413CSF10,0,0,0,0,0,0,0,0,0,0,0,0,0,1,0,0,0,0,0,0,0,0,0,0,0,0,0,0,0,0,0,0,0,0,0,0,0,0,1500,0,0,0,0,0,0,0,0,0,0,0,0.04,60,1,1500
PAPS3,0,0,0,0,0,0,0,0,0,0,0,0,0,6,6,0,11,6,7,10,10,3,9,3,3,0,0,0,0,0,0,0,0,0,0,0,0,0,2190,2190,0,4015,2190,2555,3650,3650,1095,3285,1095,1095,2.96,1080.4,74,27010
PC0830RXC,0,0,0,0,0,0,0,0,0,0,0,0,0,0,0,0,0,0,0,1,0,0,0,0,0,0,0,0,0,0,0,0,0,0,0,0,0,0,0,0,0,0,0,0,1208.08,0,0,0,0,0,0.04,48.3232,1,1208.08
PC0840RXC,0,0,0,0,0,0,0,0,0,0,0,0,0,0,1,0,0,0,0,1,0,0,0,0,0,0,0,0,0,0,0,0,0,0,0,0,0,0,0,1208.08,0,0,0,0,1400,0,0,0,0,0,0.08,104.3232,2,2608.08
PC0940RXC,0,0,0,0,0,0,0,0,0,0,0,0,0,0,0,0,0,0,0,0,0,0,1,0,0,0,0,0,0,0,0,0,0,0,0,0,0,0,0,0,0,0,0,0,0,0,0,1208.08,0,0,0.04,48.3232,1,1208.08
PC1040RXC,0,0,0,0,0,0,0,0,0,0,0,0,0,0,0,0,1,0,0,0,1,0,1,0,0,0,0,0,0,0,0,0,0,0,0,0,0,0,0,0,0,1208.08,0,0,0,1400,0,1400,0,0,0.12,160.32319999999999,3,4008.08
PCS-17,0,0,0,0,0,0,0,0,0,0,0,0,0,0,0,6,2,0,0,0,0,0,0,0,0,0,0,0,0,0,0,0,0,0,0,0,0,0,0,0,9900,3300,0,0,0,0,0,0,0,0,0.32,528,8,13200
PCS-17R,0,0,0,0,0,0,0,0,0,0,0,0,0,0,0,0,2,3,0,0,1,0,0,0,0,0,0,0,0,0,0,0,0,0,0,0,0,0,0,0,0,3300,4950,0,0,1650,0,0,0,0,0.24,396,6,9900
PED-325-12,0,0,0,0,1,0,0,0,0,0,0,0,0,0,0,0,0,0,0,0,0,0,0,0,0,0,0,0,0,12500,0,0,0,0,0,0,0,0,0,0,0,0,0,0,0,0,0,0,0,0,0.04,500,1,12500
PED2-300-12,0,0,0,0,0,0,0,0,0,0,0,0,0,0,0,0,0,0,1,0,0,0,0,0,0,0,0,0,0,0,0,0,0,0,0,0,0,0,0,0,0,0,0,13125,0,0,0,0,0,0,0.04,525,1,13125
PED2-350-12,0,0,0,0,0,0,0,0,0,0,0,0,0,0,0,0,0,0,1,0,0,0,0,0,0,0,0,0,0,0,0,0,0,0,0,0,0,0,0,0,0,0,0,13125,0,0,0,0,0,0,0.04,525,1,13125
PED2-400-14,0,0,0,0,0,0,0,0,0,0,0,0,0,0,0,0,0,0,0,1,0,0,0,0,0,0,0,0,0,0,0,0,0,0,0,0,0,0,0,0,0,0,0,0,13125,0,0,0,0,0,0.04,525,1,13125
PED2-400-16,0,0,0,0,0,0,0,0,0,0,0,0,0,0,0,0,0,1,0,0,0,0,0,0,0,0,0,0,0,0,0,0,0,0,0,0,0,0,0,0,0,0,13125,0,0,0,0,0,0,0,0.04,525,1,13125
PED2-400-18,0,0,0,0,0,0,0,0,0,0,0,0,0,0,0,0,0,0,0,0,1,0,0,0,0,0,0,0,0,0,0,0,0,0,0,0,0,0,0,0,0,0,0,0,0,13125,0,0,0,0,0.04,525,1,13125
PED2-425-14,0,0,0,0,0,0,0,0,0,0,0,0,0,0,0,0,0,0,1,0,0,0,0,0,0,0,0,0,0,0,0,0,0,0,0,0,0,0,0,0,0,0,0,13125,0,0,0,0,0,0,0.04,525,1,13125
PED2-425-16,0,0,0,0,0,0,0,0,0,0,0,0,0,0,0,0,0,1,0,0,0,0,0,0,0,0,0,0,0,0,0,0,0,0,0,0,0,0,0,0,0,0,13125,0,0,0,0,0,0,0,0.04,525,1,13125
PED2-425-20,0,0,0,0,0,0,0,0,0,0,0,0,0,0,0,0,0,0,0,0,0,0,0,1,0,0,0,0,0,0,0,0,0,0,0,0,0,0,0,0,0,0,0,0,0,0,0,0,13125,0,0.04,525,1,13125
PED2-450-16,0,0,0,0,0,0,0,0,0,0,0,0,0,0,1,0,0,1,0,1,0,0,1,0,0,0,0,0,0,0,0,0,0,0,0,0,0,0,0,13125,0,0,13125,0,13125,0,0,13125,0,0,0.16,2100,4,52500
PED2-450-18,0,0,0,0,0,0,0,0,0,0,0,0,0,0,0,0,0,1,1,0,0,0,0,0,0,0,0,0,0,0,0,0,0,0,0,0,0,0,0,0,0,0,13125,13125,0,0,0,0,0,0,0.08,1050,2,26250
PED2-450-20,0,0,0,0,0,0,0,0,0,0,0,0,0,0,0,0,0,1,0,0,0,0,0,0,1,0,0,0,0,0,0,0,0,0,0,0,0,0,0,0,0,0,13125,0,0,0,0,0,0,13125,0.08,1050,2,26250
PED2-450-25,0,0,0,0,0,0,0,0,0,0,0,0,0,0,0,0,0,0,0,0,0,0,0,0,1,0,0,0,0,0,0,0,0,0,0,0,0,0,0,0,0,0,0,0,0,0,0,0,0,14070,0.04,562.8,1,14070
PED2-450-35,0,0,0,0,0,0,0,0,1,0,0,0,0,0,0,0,0,0,0,0,0,0,0,0,0,0,0,0,0,0,0,0,0,14070,0,0,0,0,0,0,0,0,0,0,0,0,0,0,0,0,0.04,562.8,1,14070
PED2-500-20,0,0,0,0,0,0,0,0,0,0,0,0,0,0,0,1,0,0,0,0,0,0,0,0,0,0,0,0,0,0,0,0,0,0,0,0,0,0,0,0,13125,0,0,0,0,0,0,0,0,0,0.04,525,1,13125
PED2-500-25,0,0,0,0,0,0,0,0,0,0,0,0,0,1,0,1,0,0,0,0,0,0,0,0,0,0,0,0,0,0,0,0,0,0,0,0,0,0,14070,0,14070,0,0,0,0,0,0,0,0,0,0.08,1125.6,2,28140
PED2-500-30,0,0,0,0,0,0,0,0,0,0,0,0,0,0,0,0,0,0,0,0,0,0,0,0,1,0,0,0,0,0,0,0,0,0,0,0,0,0,0,0,0,0,0,0,0,0,0,0,0,14070,0.04,562.8,1,14070
PED2-500-35,0,0,0,0,0,0,0,0,0,0,0,0,0,2,0,0,0,0,0,1,0,0,0,0,0,0,0,0,0,0,0,0,0,0,0,0,0,0,33510,0,0,0,0,0,14070,0,0,0,0,0,0.12,1903.2,3,47580
PED3-021-350-12,0,0,0,0,0,0,0,0,0,0,0,0,0,0,0,0,0,0,0,0,0,1,0,0,0,0,0,0,0,0,0,0,0,0,0,0,0,0,0,0,0,0,0,0,0,0,13780,0,0,0,0.04,551.2,1,13780
PED3-027-400-20,0,0,0,0,0,0,0,0,0,0,0,0,0,0,0,1,0,0,0,0,0,2,0,0,0,0,0,0,0,0,0,0,0,0,0,0,0,0,0,0,13780,0,0,0,0,0,27560,0,0,0,0.12,1653.6,3,41340
PED3-027-450-14,0,0,0,0,0,0,0,0,0,0,0,0,0,0,0,0,0,0,0,0,0,1,0,0,0,0,0,0,0,0,0,0,0,0,0,0,0,0,0,0,0,0,0,0,0,0,13780,0,0,0,0.04,551.2,1,13780
PED3-027-450-16,0,0,0,0,0,0,0,0,0,0,0,0,0,0,0,1,0,0,0,0,0,0,0,0,0,0,0,0,0,0,0,0,0,0,0,0,0,0,0,0,13780,0,0,0,0,0,0,0,0,0,0.04,551.2,1,13780
PED3-027-550-30,0,0,0,0,0,0,0,0,0,0,0,0,0,0,0,0,0,0,0,0,0,0,1,0,0,0,0,0,0,0,0,0,0,0,0,0,0,0,0,0,0,0,0,0,0,0,0,14775,0,0,0.04,591,1,14775
PNS5F120BER,0,0,0,0,0,0,0,0,0,0,0,0,0,0,0,0,0,1,1,0,0,0,0,0,0,0,0,0,0,0,0,0,0,0,0,0,0,0,0,0,0,0,125,125,0,0,0,0,0,0,0.08,10,2,250
PNS5F130BER,0,0,0,0,0,0,0,0,0,0,0,0,0,0,11,6,1,9,5,9,8,4,10,0,13,0,0,0,0,0,0,0,0,0,0,0,0,0,0,1375,750,125,1125,625,1125,1000,500,1250,0,1625,3.04,380,76,9500
PNS5F130H1,0,0,0,0,0,0,0,0,0,0,0,0,0,0,0,0,0,4,0,0,0,2,0,0,5,0,0,0,0,0,0,0,0,0,0,0,0,0,0,0,0,0,500,0,0,0,250,0,0,625,0.44,55,11,1375
PNS5F130SIM,0,0,0,0,0,0,0,0,0,0,0,0,0,27,13,12,21,16,13,34,26,5,26,20,15,0,0,0,0,0,0,0,0,0,0,0,0,0,3375,1625,1500,2625,2000,1625,4250,3250,625,3250,2500,1875,9.12,1140,228,28500
PST3,0,0,0,0,0,0,0,0,0,0,0,0,0,14,0,0,10,3,6,16,10,0,6,2,3,0,0,0,0,0,0,0,0,0,0,0,0,0,5110,0,0,3650,1095,2190,5840,3650,0,2190,730,1095,2.8,1022,70,25550
QC-4-10-3D,0,0,0,0,0,0,0,0,0,0,0,0,0,0,0,0,0,0,0,1,0,0,0,0,0,0,0,0,0,0,0,0,0,0,0,0,0,0,0,0,0,0,0,0,750,0,0,0,0,0,0.04,30,1,750
QC-4-12-3D,0,0,0,0,0,0,0,0,0,0,0,0,0,0,0,0,0,0,0,1,0,0,0,0,0,0,0,0,0,0,0,0,0,0,0,0,0,0,0,0,0,0,0,0,750,0,0,0,0,0,0.04,30,1,750
QC-5-15-3D,0,0,0,0,0,0,0,0,0,0,0,0,0,0,0,0,0,0,0,1,0,0,0,0,0,0,0,0,0,0,0,0,0,0,0,0,0,0,0,0,0,0,0,0,750,0,0,0,0,0,0.04,30,1,750
QC-6-15-3D,0,0,0,0,0,0,0,0,0,0,0,0,0,0,0,0,0,0,0,1,0,0,0,0,0,0,0,0,0,0,0,0,0,0,0,0,0,0,0,0,0,0,0,0,750,0,0,0,0,0,0.04,30,1,750
QC-6-20-3D,0,0,0,0,0,0,0,0,0,0,0,0,0,0,0,0,0,0,0,1,0,0,0,0,0,0,0,0,0,0,0,0,0,0,0,0,0,0,0,0,0,0,0,0,750,0,0,0,0,0,0.04,30,1,750
QC-7-30-3D,0,0,0,0,0,0,0,0,0,0,0,0,0,0,0,0,0,0,0,0,0,0,0,0,1,0,0,0,0,0,0,0,0,0,0,0,0,0,0,0,0,0,0,0,0,0,0,0,0,750,0.04,30,1,750
QC-8-15-3D,0,0,0,0,0,0,0,0,0,0,0,0,0,0,0,0,0,0,0,0,0,0,0,0,1,0,0,0,0,0,0,0,0,0,0,0,0,0,0,0,0,0,0,0,0,0,0,0,0,750,0.04,30,1,750
QC-8-30-3D,0,0,0,0,0,0,0,0,0,0,0,0,0,0,0,0,0,0,0,0,0,0,0,0,1,0,0,0,0,0,0,0,0,0,0,0,0,0,0,0,0,0,0,0,0,0,0,0,0,750,0.04,30,1,750
RF*WA25110M,0,0,0,0,0,0,0,0,0,0,0,0,0,0,0,0,0,0,0,0,0,2,0,0,4,0,0,0,0,0,0,0,0,0,0,0,0,0,0,0,0,0,0,0,0,0,532.4,0,0,1064.8,0.24,63.88799999999999,6,1597.1999999999998
RFX058-115-08,0,0,0,0,0,0,0,0,0,0,0,0,0,2,0,2,0,0,2,1,1,1,2,0,1,0,0,0,0,0,0,0,0,0,0,0,0,0,2390,0,2390,0,0,2390,1195,1195,1195,2390,0,1195,0.48,573.6,12,14340
RFX058-125-08,0,0,0,0,0,0,0,0,0,1,0,0,0,0,0,0,1,0,0,0,0,0,0,1,2,0,0,0,0,0,0,0,0,0,1195,0,0,0,0,0,0,1195,0,0,0,0,0,0,1195,2390,0.2,239,5,5975
RFX072-105-08,0,0,0,0,0,0,0,0,0,0,0,0,0,0,0,0,0,0,0,0,0,0,0,0,2,0,0,0,0,0,0,0,0,0,0,0,0,0,0,0,0,0,0,0,0,0,0,0,0,1590,0.08,63.6,2,1590
RFX072-115-08,0,0,0,0,0,0,0,0,0,0,0,0,0,3,0,0,0,0,0,0,1,0,1,0,0,0,0,0,0,0,0,0,0,0,0,0,0,0,2385,0,0,0,0,0,0,795,0,795,0,0,0.2,159,5,3975
RFZV95110M,0,0,0,0,0,0,0,0,0,0,0,0,0,0,0,0,0,1,0,0,0,0,0,0,0,0,0,0,0,0,0,0,0,0,0,0,0,0,0,0,0,0,243.75,0,0,0,0,0,0,0,0.04,9.75,1,243.75
RSS501,0,0,0,0,0,0,0,0,0,0,0,0,0,3,0,5,0,0,0,0,0,0,0,0,0,0,0,0,0,0,0,0,0,0,0,0,0,0,326.1,0,489.15,0,0,0,0,0,0,0,0,0,0.32,32.61,8,815.25
RSS601,0,0,0,0,0,0,0,0,0,0,0,0,0,0,0,5,0,0,0,0,0,0,0,0,0,0,0,0,0,0,0,0,0,0,0,0,0,0,0,0,489.15,0,0,0,0,0,0,0,0,0,0.2,19.566,5,489.15
S620GH,0,0,0,0,0,0,0,0,0,0,0,0,0,0,0,2,0,0,0,0,0,0,0,0,0,0,0,0,0,0,0,0,0,0,0,0,0,0,0,0,2228.7,0,0,0,0,0,0,0,0,0,0.08,89.148,2,2228.7
SCR120410,0,0,0,0,0,0,0,0,0,0,0,0,0,0,0,0,0,0,0,0,1,0,0,0,0,0,0,0,0,0,0,0,0,0,0,0,0,0,0,0,0,0,0,0,0,1700,0,0,0,0,0.04,68,1,1700
SCR120412,0,0,0,0,0,0,0,0,0,0,0,0,0,0,0,0,0,0,0,0,2,0,0,0,0,0,0,0,0,0,0,0,0,0,0,0,0,0,0,0,0,0,0,0,0,3400,0,0,0,0,0.08,136,2,3400
SCR120515,0,0,0,0,0,0,0,0,0,0,0,0,0,0,0,0,0,0,0,0,4,0,0,0,0,0,0,0,0,0,0,0,0,0,0,0,0,0,0,0,0,0,0,0,0,6800,0,0,0,0,0.16,272,4,6800
SF7072-095-27-30,0,0,0,0,0,0,0,0,0,0,0,0,0,1,0,0,0,0,0,0,0,0,0,0,0,0,0,0,0,0,0,0,0,0,0,0,0,0,1750,0,0,0,0,0,0,0,0,0,0,0,0.04,70,1,1750
SF7072-105-27-30,0,0,0,0,0,0,0,0,0,0,0,0,0,1,0,0,0,0,0,0,0,0,0,0,0,0,0,0,0,0,0,0,0,0,0,0,0,0,1750,0,0,0,0,0,0,0,0,0,0,0,0.04,70,1,1750
SFR4-3-20-10,0,0,0,0,0,0,0,0,0,0,0,0,0,1,0,1,2,0,1,0,0,2,2,0,2,0,0,0,0,0,0,0,0,0,0,0,0,0,6250,0,6250,12500,0,6250,0,0,12500,12500,0,12500,0.44,2750,11,68750
SFR4-4-20-10,0,0,0,0,0,0,0,0,0,0,0,0,0,0,0,0,0,0,1,0,1,1,2,1,2,0,0,0,0,0,0,0,0,0,0,0,0,0,0,0,0,0,0,6250,0,6250,6250,12500,6250,12500,0.32,2000,8,50000
SFR4-4-40-10,0,0,0,0,0,0,0,0,0,0,0,0,0,1,5,1,2,1,2,3,2,1,2,0,1,0,0,0,0,0,0,0,0,0,0,0,0,0,6250,31250,6250,12500,6250,12500,18750,12500,6250,12500,0,6250,0.84,5250,21,131250
SFR4-6-40-10,0,0,0,0,0,0,0,0,0,0,0,0,0,0,0,0,0,1,0,0,3,0,1,0,0,0,0,0,0,0,0,0,0,0,0,0,0,0,0,0,0,0,6250,0,0,18750,0,6250,0,0,0.2,1250,5,31250
SHD180312,0,0,0,0,0,0,0,0,0,0,0,0,0,0,0,0,0,0,0,0,2,0,0,0,0,0,0,0,0,0,0,0,0,0,0,0,0,0,0,0,0,0,0,0,0,3600,0,0,0,0,0.08,144,2,3600
SHD180415,0,0,0,0,0,0,0,0,0,0,0,0,0,0,0,0,0,0,0,0,4,0,0,0,0,0,0,0,0,0,0,0,0,0,0,0,0,0,0,0,0,0,0,0,0,7200,0,0,0,0,0.16,288,4,7200
SHD180520,0,0,0,0,0,0,0,0,0,0,0,0,0,0,0,0,0,0,0,0,2,0,0,0,0,0,0,0,0,0,0,0,0,0,0,0,0,0,0,0,0,0,0,0,0,3600,0,0,0,0,0.08,144,2,3600
SK700,0,0,0,0,0,0,0,0,0,0,0,0,0,0,0,0,0,0,1,0,0,0,0,0,0,0,0,0,0,0,0,0,0,0,0,0,0,0,0,0,0,0,0,627.2,0,0,0,0,0,0,0.04,25.088,1,627.2
TD01,0,0,0,0,0,0,0,0,0,0,0,0,0,50,20,0,0,50,40,50,30,0,40,30,0,0,0,0,0,0,0,0,0,0,0,0,0,0,1550,620,0,0,1550,1240,1550,930,0,1240,930,0,12.4,384.4,310,9610
TRB24-REG,0,0,0,0,0,0,0,0,0,0,0,0,0,8,20,0,15,10,0,17,8,10,16,8,20,0,0,0,0,0,0,0,0,0,0,0,0,0,1000,4200,0,3150,2100,0,3570,1680,2100,3360,1680,4200,5.28,1081.6,132,27040
TRB29-LRG,0,0,0,0,0,0,0,0,0,0,0,0,8,0,6,0,0,6,0,8,0,0,0,0,0,0,0,0,0,0,0,0,0,0,0,0,0,1000,0,750,0,0,1260,0,1680,0,0,0,0,0,1.12,187.6,28,4690
TRPP7144,0,0,0,0,0,0,0,0,0,0,0,0,0,0,0,0,2,0,0,0,0,0,0,1,0,0,0,0,0,0,0,0,0,0,0,0,0,0,0,0,0,12400,0,0,0,0,0,0,6200,0,0.12,744,3,18600
TRPP7166,0,0,0,0,0,0,0,0,0,0,0,0,0,2,0,0,0,0,0,0,0,0,0,1,4,0,0,0,0,0,0,0,0,0,0,0,0,0,12400,0,0,0,0,0,0,0,0,0,6200,24800,0.28,1736,7,43400
Unknown,0,0,0,0,0,0,0,0,0,0,0,0,0,0,0,0,4,0,0,0,0,0,0,5,1,0,0,0,0,0,0,0,0,0,0,0,0,0,0,0,0,4705,0,0,0,0,0,0,4450,9720,0.4,755,10,18875
VBCR071002A,0,0,0,0,0,0,0,0,0,0,0,0,0,1,0,0,0,0,0,0,0,0,0,0,0,0,0,0,0,0,0,0,0,0,0,0,0,0,2830,0,0,0,0,0,0,0,0,0,0,0,0.04,113.2,1,2830
VBCR081002A,0,0,0,0,0,0,0,0,0,0,0,0,0,1,0,0,0,0,0,0,0,0,0,0,0,0,0,0,0,0,0,0,0,0,0,0,0,0,3150,0,0,0,0,0,0,0,0,0,0,0,0.04,126,1,3150
VG501,0,0,0,0,0,0,0,0,0,0,0,0,0,0,0,0,3,0,0,0,0,0,0,0,0,0,0,0,0,0,0,0,0,0,0,0,0,0,0,0,0,1295,0,0,0,0,0,0,0,0,0.12,51.8,3,1295
VIA-17-154-01,0,0,0,0,0,0,0,0,0,0,0,0,0,0,0,0,0,1,0,0,1,0,0,0,1,0,0,0,0,0,0,0,0,0,0,0,0,0,0,0,0,0,1550,0,0,1550,0,0,0,1550,0.12,186,3,4650
VIA-17-154-45,0,0,0,0,0,0,0,0,0,0,0,0,0,1,0,1,1,1,0,0,1,0,0,0,0,0,0,0,0,0,0,0,0,0,0,0,0,0,1550,0,1550,1550,1550,0,0,1550,0,0,0,0,0.2,310,5,7750
VIA-17-154-90,0,0,0,0,0,0,0,0,0,0,0,0,0,0,0,0,0,0,0,0,0,0,0,0,1,0,0,0,0,0,0,0,0,0,0,0,0,0,0,0,0,0,0,0,0,0,0,0,0,1550,0.04,62,1,1550
VIA-33-133-01,0,0,0,0,0,0,0,0,0,0,0,0,0,0,0,0,0,0,0,0,0,1,0,0,0,0,0,0,0,0,0,0,0,0,0,0,0,0,0,0,0,0,0,0,0,0,1550,0,0,0,0.04,62,1,1550
W2-11-8,0,0,0,0,0,0,0,0,0,0,0,0,0,0,0,0,0,0,0,0,0,1,0,0,0,0,0,0,0,0,0,0,0,0,0,0,0,0,0,0,0,0,0,0,0,0,14950,0,0,0,0.04,598,1,14950
W5-4-2,0,0,0,0,0,0,0,0,0,0,0,0,1,1,0,0,0,0,0,0,0,0,0,0,0,0,0,0,0,0,0,0,0,0,0,0,0,16495,16495,0,0,0,0,0,0,0,0,0,0,0,0.08,1319.6,2,32990
W5-5-2,0,0,0,0,0,0,0,0,0,0,0,0,0,0,0,0,0,0,0,0,1,0,0,0,2,0,0,0,0,0,0,0,0,0,0,0,0,0,0,0,0,0,0,0,0,16495,0,0,0,32990,0.12,1979.4,3,49485
W5-6-3,0,0,0,0,0,0,0,0,0,0,0,0,0,0,0,0,1,0,0,0,0,0,0,0,0,0,0,0,0,0,0,0,0,0,0,0,0,0,0,0,0,16495,0,0,0,0,0,0,0,0,0.04,659.8,1,16495
W5-6-4,0,0,0,0,0,0,0,0,0,0,0,0,0,0,0,1,0,0,0,0,0,0,0,0,0,0,0,0,0,0,0,0,0,0,0,0,0,0,0,0,16495,0,0,0,0,0,0,0,0,0,0.04,659.8,1,16495
WAIN-CKI-008-200,0,0,0,0,0,0,0,0,0,0,0,0,0,4,0,0,4,0,1,5,1,0,1,4,4,0,0,0,0,0,0,0,0,0,0,0,0,0,1700,0,0,1700,0,425,2125,425,0,425,1700,1700,0.96,408,24,10200
WAIN-CKI-10-200,0,0,0,0,0,0,0,0,0,0,0,0,0,0,0,0,1,1,2,1,3,0,0,0,0,0,0,0,0,0,0,0,0,0,0,0,0,0,0,0,0,425,425,850,425,1275,0,0,0,0,0.32,136,8,3400
WAIN-CKI-10-300,0,0,0,0,0,0,0,0,0,0,0,0,0,0,0,0,0,0,0,0,2,0,0,0,0,0,0,0,0,0,0,0,0,0,0,0,0,0,0,0,0,0,0,0,0,850,0,0,0,0,0.08,34,2,850
WAIN-CKI-200,0,0,0,0,0,0,0,0,0,0,0,0,0,4,0,0,1,0,1,1,9,6,9,9,9,0,0,0,0,0,0,0,0,0,0,0,0,0,1600,0,0,400,0,400,400,3600,2400,3600,3600,3600,1.96,784,49,19600
WAIN-CKI-300,0,0,0,0,0,0,0,0,0,0,0,0,0,2,1,4,0,1,0,0,2,0,7,0,0,0,0,0,0,0,0,0,0,0,0,0,0,0,800,400,1600,0,400,0,0,800,0,2800,0,0,0.68,272,17,6800
WAIN-FBK-6S110,0,0,0,0,0,0,0,0,0,0,0,0,0,0,0,0,2,2,0,0,0,0,0,0,0,0,0,0,0,0,0,0,0,0,0,0,0,0,0,0,0,350,350,0,0,0,0,0,0,0,0.16,28,4,700
WAIN-FBK-6SD,0,0,0,0,0,0,0,0,0,0,0,0,0,0,0,0,4,0,0,0,0,0,2,0,0,0,0,0,0,0,0,0,0,0,0,0,0,0,0,0,0,700,0,0,0,0,0,350,0,0,0.24,42,6,1050
WAIN-FBK-6SDL,0,0,0,0,0,0,0,0,0,0,0,0,0,0,3,0,2,1,0,1,0,0,0,0,0,0,0,0,0,0,0,0,0,0,0,0,0,0,0,525,0,350,175,0,175,0,0,0,0,0,0.28,49,7,1225
WDC-2,0,0,0,0,0,0,0,0,0,0,0,0,0,1,0,1,1,1,0,0,1,1,0,0,2,0,0,0,0,0,0,0,0,0,0,0,0,0,185,0,185,185,185,0,0,185,185,0,0,370,0.32,59.2,8,1480
XCR120515,0,0,0,0,0,0,0,0,0,0,0,0,0,0,0,0,0,0,0,0,4,0,0,0,0,0,0,0,0,0,0,0,0,0,0,0,0,0,0,0,0,0,0,0,0,6800,0,0,0,0,0.16,272,4,6800
XCR123509,0,0,0,0,0,0,0,0,0,0,0,0,0,0,0,0,0,0,0,0,3,0,0,0,0,0,0,0,0,0,0,0,0,0,0,0,0,0,0,0,0,0,0,0,0,5100,0,0,0,0,0.12,204,3,5100